mean,variance,standard deviation,number of peaks,number of valleys,gfgb,max,min,ratio of peak to time
-0.8873442471595070,-0.8524278027454020,-1.1018267425991400,-1.14605527967909,-1.2118597631732600,0.0,-0.9715358504626670,0.4735352509364110,-1.240390726586680
1.7289169789053800,0.11526277958961200,0.4137810832277440,0.2251441382106700,0.15049572820044100,0.0,1.2759717707886200,1.869222159021760,0.43934647090337700
-0.21906711258422800,-0.24187865920179100,0.038037637030278700,0.6134674881052740,0.536314480203497,0.0,-0.4539815237623490,-1.3017790577211800,1.602390371438030
1.5205508258522300,0.9549138299724400,1.0915405870677900,0.6437585062157490,0.5664101280893570,0.0,1.6688032445702000,0.27402457972305900,0.47822389346002000
-1.314356966084940,-0.8386198056743790,-1.044151853720590,-0.25580597143193700,-0.3273523618729650,0.0,-1.2373030295332100,-0.18635211075609200,-0.8604741068095220
-0.6379596202482380,-0.8023029808508400,-0.9187190217905340,-0.13319570402082400,-0.20553290299119600,0.0,-0.7403240419192460,0.6806325957982840,-0.7535243078889790
0.9632877803631100,-0.2735586934282010,0.00020104559363587700,-0.35368579871806600,-0.4246008863823940,0.0,0.6473931157253260,0.4802215744784410,-0.8464129360059670
-0.2915773505559060,-0.6386089466344810,-0.5366549877540400,1.876935957907850,2.1411663708214600,0.0,-0.4926866801615630,0.45107074788294800,1.1862448099718500
0.6460213033748640,2.2566506825062900,1.8845781889452800,1.082434816811150,0.734075232466251,0.0,0.9399639292474810,-2.326773054302610,0.05700111621733290
-1.5138351839682000,-0.8688512990744510,-1.1834178266255500,-2.1856598593201800,-1.9909943282108500,0.0,-1.4646176858524800,-0.31774510138147600,-1.6486870112603300
0.061328066428692300,1.5707613458134100,1.4929389355745000,0.03734799067990650,0.5071507336596270,0.0,0.8169378929644590,-0.2220129228982890,0.9673284600869230
-0.055964474323253300,-0.38134045027220300,-0.1363070449493730,-0.4046862847605150,-0.47527243080996300,0.0,0.01137885839542880,0.1259553392187490,0.6189539664739480
-0.5261534456960200,-0.4835119039472770,-0.4613851181659330,-1.146779035150570,-1.4299191721320500,0.0,-0.3073673868995540,0.12797611646406100,-1.3488814793737200
-1.831503531012920,-0.2968363245010280,-0.1338892326663360,-0.32577344596989100,-0.4296142645272100,0.0,-1.269901066124230,-2.0493261515515300,0.1181861705404720
-0.7158483801929130,-0.42301328683867500,-0.34634350513934800,-0.659427666907928,-0.16319437359849600,0.0,-0.496569457313353,-0.24189087460695500,0.5049722348773370
2.530579078010280,-0.16674981379677900,0.058012247400160000,1.0275142881970300,0.8363384094857420,0.0,1.5119691923395500,0.745206372746473,0.8648570241680300
-0.22128071944546900,2.8242394497743400,2.4998694947682300,-0.14830055437262400,-0.26359466942559700,0.0,1.751920412055880,-1.7029849687534000,-0.9031863891445920
0.3057258339674970,-0.37509646556143200,-0.2618816682635300,0.0016514424798524200,-0.12331989518785300,0.0,0.5113240433499830,0.2603829129197290,-0.7664326391672540
-0.36425097292437900,-0.7474042290425600,-1.2341226002096600,-0.2441303329860930,-0.10754346052744900,0.0,-1.4166905281720100,0.7371857678839950,-0.8739922758279600
0.4834078917225520,-0.6947193004644760,-1.0038881156762400,1.2051341372332300,1.0024954780588700,0.0,-0.9462331447428790,1.5576966645223900,0.8288359548829990
0.6653398188913120,-0.08795161554150960,0.1645168466651860,2.011045720630400,1.7563971785333200,0.0,0.5338322281773670,0.5939967039811670,0.5528046501942520
-0.2145952819891090,-0.4944140233990430,-0.4833015677401020,-1.7015547228917500,-1.9844675345260000,0.0,0.24878431533361700,0.5746979222494200,-1.4978582093453900
0.4179760058407160,1.3710491922034300,1.5534549459938400,0.5445727490625740,0.9579747300449610,0.0,0.7052981174777650,-0.7300396531766080,1.8004660950048100
-0.5293962971715450,-0.425591678884984,-0.3510417269662680,-0.5639525793242210,-0.05155242619824550,0.0,-0.8263667254821440,0.12709918732125300,0.7202288631910170
-0.5540226918830590,-0.44899902540088200,-0.6508098332554920,-0.5045325185036700,-0.3326250317628700,0.0,-0.5945724621478530,-0.5009132593099990,-0.9140706963460700
0.9424361336888210,-0.19275960572533800,0.18252635698875300,1.4841113919566300,1.3863736125329700,0.0,0.6602926617763920,1.3574779370846100,1.2771779978413800
1.8004285106832900,0.7755906116646390,1.3076869138720300,1.301153965833450,1.2077603945820700,0.0,1.6586244400350300,2.2170228974050200,2.1328463142301800
-0.5499374860143360,-0.2826538632611510,-0.0004994396648145900,-0.1843887019473850,-0.2425090037043560,0.0,-0.4357599873286070,-0.6911988863492980,-0.06688303541953290
-0.6692553483675360,-0.3805394522959740,-0.2698722527537030,-0.49971848507002300,-0.5503514809010640,0.0,-0.5521089933904890,-0.8796145802422470,-0.910645754648246
-0.5780765535662330,-0.448983521215424,-0.650595046790589,-0.8415352615760030,-0.884052034603819,0.0,-0.6143362425761310,-0.5207018962770270,-0.9894722292356280
-0.06484044406625160,-0.3959901955368070,-0.3268412459842240,-0.10566258216428500,-0.16565218575928900,0.0,-0.07124952939519610,0.22042678739360300,-0.7080099140953660
-0.380077235679493,-0.4209103133238830,-0.4382640931072700,-1.0672760056898200,-1.1044327077646500,0.0,-0.38232456816921800,-0.2897301991842220,-0.6600521400709670
2.188096857992680,3.1311691892630100,2.7841494122747800,2.0369118433797000,2.1971120354794100,0.0,2.4365228432370000,1.2941200236443300,0.39918571295509200
-0.828242075625539,-0.4531562080216790,-0.7386977526069900,-0.8739921970152260,-0.6592464090892750,0.0,-0.804456802198136,-0.8898627747367260,-0.9166699105248300
-0.6150176276623210,-0.4306826480090580,-0.4936154965466660,0.1360302559193410,0.07030180900634090,0.0,-0.5934026818028560,-0.6258932723339450,1.0749707512352700
-0.6914920395000280,-0.45208496813745200,-0.7051675224258130,-0.8811017051227090,-0.9226789980154700,0.0,-0.7072286780399390,-0.6911327770941000,0.2816229040787180
0.15360219112432800,-0.46851961010779400,-0.3538276419824730,0.4539114929457770,0.4874662368570160,0.0,0.004831675020749950,0.410990970816875,-0.3668767925770950
-1.2746894169629600,-0.7341326230573660,-1.077877174540780,-1.5640113581978200,-1.3883133748429600,0.0,-1.3857117875578500,-1.2216238278736000,-1.2601325562086400
-0.8993232223621830,-0.5247747282741840,-0.46248264139410200,-0.8784399035437400,-1.2635565758506000,0.0,-0.7823719388641900,-0.8272054295935540,-0.19816788207147300
2.2295524990089900,2.1829631584995400,2.00679022193644,0.9863402693205040,0.9823905313314490,0.0,1.948004021223250,-0.6776415675733200,1.0076267568696600
-0.6829241042924590,-0.6814846862676280,-0.8608009085930030,-1.0941212846153500,-0.9515225335743370,0.0,-0.8911615462771350,-0.3421692610861190,-1.2045954369999600
0.06254212096655430,-0.7204651558847640,-1.0114024369069400,-0.11795808405147700,-0.04412063351070790,0.0,-0.4257928229045360,1.1619809872226200,-0.624087481564298
1.0252673939113500,0.11255953524546400,0.43400831193403300,1.2969855976577400,1.0534943717795000,0.0,1.250789762878470,1.888119022545990,0.1923558475831350
0.24801058565624800,-0.11764536660791200,0.16803748679875200,1.183343199757800,0.8386725213232150,0.0,0.4461531620128170,0.8401936252736200,1.0367911017460200
0.4478567833414280,2.140674727270600,1.98185502960776,0.7166092045505970,0.7316594235238420,0.0,1.1063297463053800,-0.09292144174923650,0.09498291074207670
-0.936618691662725,-0.5715146814600420,-0.5626685608784930,-1.4706129745537900,-1.5387866651894700,0.0,-0.7811685075025960,-0.8716018447243400,-1.3670289344236900
0.7728955450766910,-0.0955805582800541,0.1953787807939640,0.7511948344208900,1.271786458876950,0.0,0.4549656345678840,1.0176311110370200,1.967826485593100
-1.146171683805260,-0.5220800110758550,-0.4570104667751650,-0.2632409936911280,-0.1791697607239050,0.0,-0.9448673989022400,-1.2857523442959600,0.721305981311159
-0.7956773150454160,-0.21733078145410200,-0.02042368770471940,-1.3654632329797500,-1.5386249314418600,0.0,-0.6977845560010300,-0.7740381473463290,-0.9786146966344610
0.940513346673921,-0.3344482188866050,-0.17457846857604100,-0.20855782660732900,-0.24810087160054700,0.0,0.4263783666606840,0.7630503719046850,-0.08941346571538970
0.49543788225633600,-0.8790156743537200,-1.2281794551996100,-0.22016358512624600,-0.26104705589433000,0.0,-0.7925160746213030,1.0324047981976200,0.20733753798965900
-0.1220697719114280,0.1869860564783400,0.4375509749163030,0.8297742811719470,0.910155075527027,0.0,-0.03939085326510680,-0.4621741387263850,0.46674090274058800
-1.6562680092283900,-0.22596717308981300,-0.03137611422711920,-1.0106048934729500,-1.1427816564028000,0.0,-1.1716221712062200,-1.546234574638370,-0.8432144724815110
-0.7224866661344300,2.996268489619940,2.4683688691801500,0.8779007546252420,0.9638399935546280,0.0,1.0984365836097800,-1.4646155954684500,-0.07691218965200490
-1.0370602975153600,-0.34145831902242,-0.18422363148564000,-0.6065225488865600,-0.48322996447363400,0.0,-0.5703585811723290,-0.8952279328116260,-0.6692276107762520
-0.19406380730801700,0.034928436567639700,0.2762148926799100,-0.6991976815264030,-0.7954079668932530,0.0,0.4089134968122880,-0.26462442520095100,-0.5362660184649140
1.8207056776491600,-0.09270522728327280,0.13132629491526800,-0.03282024087585110,-0.05206619032437520,0.0,1.2472511290536300,1.3864741686801900,-0.3458446462575960
1.1999126866654000,0.6026653552905930,0.831848974172276,0.09009012157484950,0.08503990242335320,0.0,1.8755194194423700,0.6752834252015300,-0.3295435494943920
-0.7014667376129850,-0.9615613923106640,-1.580834933805050,-0.23188956567133000,0.21317193699627600,0.0,-1.5866296581745300,0.2491854531073210,0.18520732361557700
0.7725230115112180,-0.768361551555919,-0.9256937148657320,2.5774544177743900,2.3490517285295100,0.0,-0.19819710113822900,1.3005165971007700,3.009750885130700
-0.9714455952834500,-0.7062383614101370,-0.7058988513577120,-0.3571178858500690,-0.43734725597282000,0.0,-0.9370926583697000,-0.9802434719418290,-0.7059730253397710
0.2178624677344290,0.9616529218317150,1.0502324210609100,-0.19723212601250800,-0.11766302002496800,0.0,0.19800502154241800,0.1494012701124610,-0.047566817866237200
-0.06794025452390940,0.015914577452653200,0.1668467080257680,-0.29624619367807800,-0.22527100996757200,0.0,0.08812341494863450,-0.07608082289024470,0.26791810732686100
1.5513032462670100,2.6576333944850500,2.2927844571237300,1.6314235317396500,1.6251987888326000,0.0,1.7695347796004400,1.4567171518160100,0.9801227364340070
-1.1451067472194500,-0.6947537120407530,-0.689697324110492,-1.2958080175435000,-1.3115897647208800,0.0,-1.2001907418982400,-1.1683631256397200,-1.063547199442250
-0.7990465690227530,-0.849125879103104,-0.9168290745766420,-0.8382407439231040,-0.8143079568053210,0.0,-0.7239573372764310,-0.7905917687678900,-0.8670279317846560
-0.4432362025591840,0.09078871835535240,0.24491472916963800,-0.8321612086130230,-0.8077007484567810,0.0,-0.07153868901782020,-0.5060385452070020,-0.86213566547887
-0.4650192277601100,-0.7889549723497610,-0.8257740901277790,-0.6887517741847690,-0.8836168195688360,0.0,-0.6024584826149740,-0.40974592655569800,-0.5453254904677350
0.7519696754953240,0.06992485141617750,0.2233368386395570,0.9769690269256550,0.980623249607811,0.0,0.5881205862082420,0.7592986012673210,0.04850623032803400
-1.3424213284824400,-1.2443805038243100,-1.6375267070936400,-0.5748464825510820,-0.5280524004293030,0.0,-1.5235802597655100,-1.2851464031997500,-0.7076168318259790
1.6625380236858500,0.18644131158189700,0.3421855261842890,2.0090797367890500,1.9199267622597500,0.0,1.325007843073190,1.7281078083389900,2.4243951447200500
1.050542511668690,0.30109765360522000,0.45542536706237,0.4629321369017710,0.5998001752463180,0.0,1.0900265235697500,1.1226852326673400,1.0782507433965400
0.3485567984334290,-0.03674885452822360,0.09476857662096540,-0.369603606228106,-0.2784236915060640,0.0,0.44759627213573700,0.4677567153399240,-0.6569586550983180
-0.4548344993804580,1.1671586533443400,1.17528460815546,-0.4428495328841360,-0.631613819955416,0.0,-0.17911490373579300,-0.675769554092553,-0.2555412375840720
-0.6111706174735630,-0.17775606302250200,-0.05258394538559750,-0.8477704654830620,-0.7327271663122030,0.0,-0.5986692611950540,-0.6179917919492670,-0.37181251347646000
1.479719005016570,-0.7430507683521450,-0.7151346444962130,1.5483075981525700,1.5437722797441900,0.0,1.0445268165821500,1.5484434593532900,1.005519438413900
0.8426793341264870,2.2023845096070300,1.9416974889389300,-0.5260551260423830,-0.27630372978849600,0.0,1.6918857077446700,0.8301379513857530,-0.7200667411308360
-1.3419203225721300,-0.7743904147179170,-0.7562038369424320,-1.3035260855815900,-1.3240752553808600,0.0,-1.0043888412713700,-1.3470156775749400,-1.0313540507796200
-1.1814307400815800,-0.19596497013590400,-0.07204678408016760,-1.134181977165950,-1.1640342390549900,0.0,-0.7537121532943980,-1.311838117740940,-0.9574156796419800
-1.161690243183200,-1.4212588724703900,-1.7906097654316400,-0.8820363243279920,-1.004326187323100,0.0,-1.6198953815567900,-1.0112615089384900,-0.6848794310272430
-0.40882207706874300,-0.9348473947622550,-0.9761073903404960,0.679668261032834,0.5350752467340950,0.0,-0.7129200241420640,-0.21877709654099100,-0.021440767872543300
0.8134209528469450,-0.07270324279732840,0.0577429617236324,0.555136610884698,0.6001664612743260,0.0,0.26351306382796600,0.7842071533307580,-0.1420917571108680
1.737731734511610,1.2609303546385000,1.2495828029033600,1.4914330129298100,1.4897360762835000,0.0,1.6235922200680700,1.6217593235846000,1.9798334776613400
-0.062239325175359000,-0.2737529368032000,-0.15639007166582300,1.231477634713310,1.24275402528501,0.0,-0.20241351516313800,-0.069650856157135,1.8562079176467000
0.33677257743037400,-0.42697931872992,-0.41453168071959900,0.10282376693840200,0.1803512352949530,0.0,0.37769840300972300,0.5998256206402020,-0.6774399177251080
0.6855606773635180,-0.35408699760963300,-0.26961093055030300,-0.5199687770924550,-0.4785820565406740,0.0,0.6773072283713020,1.0246218125528900,-0.06800012796655630
1.0751221744108000,-0.6088004532129750,-0.8922176205145980,1.5252462522587800,1.1010984083288100,0.0,0.5707922511423640,1.6259146333051600,2.0633657653433300
1.5219585961897400,3.1539849291386900,2.8143806700813500,1.7564684138213400,1.9299571371969400,0.0,1.6289251511974500,-0.00040856085889165100,0.9264676571788870
0.2264577033598180,-0.5024050265330050,-0.5856108676164860,-0.11301833444354200,-0.048016216665545000,0.0,0.06915478220299650,0.5289163091201340,-0.742612698815706
-1.7248141077099400,-0.4608097238328540,-0.4880679686976380,-0.6453998936091420,-0.8580719024381240,0.0,-1.6632703078927000,-1.8941723975482900,-0.8644261357066
-0.9913266799955110,0.07811770437721930,0.3851213131088770,-1.3338409449465200,-1.3396833523694600,0.0,-0.7416392494845960,-1.1757735079661500,-1.0855274925723400
-0.16820809720918200,0.0373064371901586,0.332697485788123,-1.6836794438944600,-1.7098230336036400,0.0,0.0977493481226079,-0.3070722044361310,-0.9104232124949610
1.3740447097176200,0.3864504586613520,0.7439389593470450,0.8784774642024830,1.0010162367651300,0.0,1.6303672118047300,1.1774171542356800,-0.14329859013546500
-0.41999405559347600,-0.6127259224571210,-0.9060377133187850,-0.3765168903590420,-0.3268056345984810,0.0,-0.6309923925242350,-0.09889575450194510,-0.6803849034707400
-1.0208383081493700,-0.08145572864101620,0.17144458484795800,-0.16066191369154200,0.4806132243176650,0.0,-1.0074544353713600,-0.975281001603515,0.7375484966527210
-0.8947351898143720,-0.6085963583508910,-0.8915062317559470,0.5700703008157020,0.06794595431243220,0.0,-1.0086379905782800,-0.50509210293913,1.4447311597125300
-0.9052326561699030,-0.8373844800159810,-0.7570874614268340,-1.2411433147611500,-1.0931690433818000,0.0,-0.9691575028279980,-0.9148016038933830,-1.0239060026887600
-0.7314236798628750,-0.15632787299273200,0.08657057434538840,-0.7712266058408920,-0.6120089564497960,0.0,-0.4822859033706170,-0.7407833433177400,-0.393218566531969
-0.5860188689442030,-0.7125960731112310,-0.5649697909840980,-0.7833714435298660,-1.0967063380410900,0.0,-0.5281975040688570,-0.6413403376853130,-0.09126698722211980
1.6181394341324300,1.1868801775195700,1.1459270040335400,1.8668266942611000,2.089163253674210,0.0,1.3344938870165300,1.3647398093862300,1.1346885577169600
-1.3552503280364100,-1.1517846678122800,-1.5000296006080400,-0.4974826116265530,-0.33171527556338900,0.0,-1.4923472953598800,-1.3315798465134300,-0.7476351884580280
0.362122507712729,2.10925065629008,1.7019107573265900,-0.21878314845999100,-0.24583582995321200,0.0,0.9205031010205900,0.34693286442634200,-0.6080433955504490
0.1568605262387630,-0.03763541135983290,0.20079138842487100,0.183447748644025,0.1649457842100400,0.0,0.2251936559784900,0.19611707947413800,-0.44652724800519
-0.2781212651373570,-1.0823029434142100,-1.2680320310879500,-1.2846563305780800,-1.4388921981467100,0.0,-0.49221242849481800,-0.10519470029082600,-0.8479022317487050
0.01021853910123350,0.1674012545510040,0.38526688722729500,0.31537377100772700,0.5005897697928810,0.0,0.02485107363316100,-0.19613785483718500,-0.24706734544179300
-1.1873018864765700,-1.0355556959982600,-1.1466249265430000,-0.2451636373242800,-0.0733592364924782,0.0,-1.268466359090010,-1.1509738018072900,-0.5464356387642660
1.5213749793819900,0.542869550079057,0.690522823231358,1.4900393848694900,1.235286925995100,0.0,1.1750514977542600,1.574130687863560,1.9741188476157300
1.374632698060160,1.0071855062648100,1.0257543760608700,1.186139493338470,0.9017011443562330,0.0,1.5525737778091600,1.5988910471949100,1.8431951990785800
-0.07909351129736470,0.4319225838004660,0.6968617995628090,0.610463021909986,0.8076690355972470,0.0,0.495697056869697,-0.481178263210068,-0.13215269016927800
-0.798195253813283,-0.8441172071495760,-1.0511926932698500,-1.1661730400710500,-1.1634232167998900,0.0,-1.0447646362692100,-0.5105522385654750,-1.0778024076518300
-0.4658746760196650,-0.7987109130307170,-0.8863975716673890,-0.5625766395877680,-0.5599628802798400,0.0,-0.726349151569729,-0.06573909477227010,0.04645184847687760
0.8093782432530190,-0.5754545807092070,-0.40278683878624000,1.4058123088972700,1.407982349850860,0.0,0.022360410341945000,1.2137210336739400,1.6794183052941800
-0.46829464989590100,1.848757425980040,1.6399050900380200,-0.5572248009237940,-0.5546122480385330,0.0,1.5194475120606400,-1.4462813179230000,-0.8916110343348620
-0.32236847263850700,-0.4998776398572350,-0.2837001201217050,-0.09807913767660810,-0.09557008636721810,0.0,-0.23354446971957600,-0.1253648494879330,-0.5449681530262270
-0.8702258289041560,-0.6495723093593660,-0.5345176558343090,-1.3272885678586200,-1.3245024255881600,0.0,-0.9133004832316600,-0.9649935010058780,-1.3865606155549300
-1.068852536170780,-0.8402171535431550,-1.0344567182958400,-0.9143062237215350,-0.9116131767949870,0.0,-1.2133627742528200,-0.9118137530066660,-0.8880519675228490
1.5283819042764000,1.370063155309630,1.3569685264885600,2.029346109088230,2.0313755917482500,0.0,1.582075278876640,1.391435080179100,1.299493442159460
0.22503196793290700,-0.22792206798271000,0.06940954882634130,0.7140627447435930,0.4916887326372230,0.0,0.2894078824441570,0.39610848992504900,0.1595345920936480
2.2936800064651900,1.6373326326054300,1.5182691356101400,0.3910709570144300,0.39346974308624700,0.0,1.3056545008227200,1.9637970670675300,1.5658752355192800
-0.7835671931878710,-0.8522039260636040,-1.0883625025505400,-0.5251067318141360,-0.5225014190512000,0.0,-1.0833211263728200,-0.4591386528743310,0.17037344471653400
-1.5576207327113300,-0.5957648282755710,-0.897086466206069,0.6764556545402190,0.8425309710370960,0.0,-1.3789709669159700,-1.7169906902475900,-0.3703297965299930
0.5369691645824140,-0.1307544278893340,0.20360876177789100,-1.5260723549122700,-1.3315018801378500,0.0,0.4494267308579360,0.858721673328204,-1.014010858252580
0.6049886807410790,-0.4346075429569580,-0.3257561280468420,-0.04823477296878040,-0.45936012609174800,0.0,0.18813652694933600,1.1875175108912500,0.9189583766422510
1.6153872557432500,0.4527312233089080,0.8602796482880060,1.9725289873467900,1.7272067906912600,0.0,1.6294986713644000,0.8925287547101090,1.5816000132710800
-1.367635298447860,-0.587214246269457,-0.8385499715084290,-0.7521799587149850,-0.8035456192820890,0.0,-1.2188810412325400,-1.485552785588140,-1.0224419761514400
0.049616324951866200,-0.5128450379298150,-0.5322825908462780,0.5869879972718090,0.7542207996411210,0.0,-0.1767945897324040,0.4124227222938360,-0.3394880706990230
-0.2160857634536350,-0.44729285900924400,-0.3555550981251650,-0.40630229450008900,-0.22621882055787700,0.0,-0.3283038962161390,-0.03572642665782900,-0.8122574666504650
-0.39083463068964000,-0.5635950946882930,-0.7167409636313260,-0.5304328289610000,-0.3487434189256440,0.0,-0.511361778449242,-0.07730973640679640,-0.41243956638637600
1.3950064853753300,0.873494223377186,1.2233209114471300,1.063942122578510,1.2250043413123700,0.0,1.3332936217548500,1.5107043488007700,0.15589832683037600
-1.158089178776970,-0.5833443100082460,-0.815475783799824,-1.5998783960999300,-1.6759317498280600,0.0,-1.1087357064678800,-1.167137850040770,-1.353704696740800
0.8888311967745240,2.968545720209770,2.5310119782774900,0.519679782195503,0.6877833831352520,0.0,1.4785173769753700,-0.24957084300421900,1.536194650679290
-0.4005335040890320,-0.4393528198689440,-0.33677429762658700,0.043506062224227800,-0.3914446709938330,0.0,-0.3558249488877290,-0.12960667807883200,1.1320210639876800
0.8549932123782010,0.013772752372382100,0.14715716138384500,0.7396881243625100,0.8840819645760770,0.0,0.9364025439463710,1.0943158610793200,-0.6548581760690100
-0.49718587087385200,-0.8534594611184140,-0.8833342658935600,-0.8204456180614170,-0.6014396348740720,0.0,-0.73880408677331,-0.2892229163131780,-0.06402512934322550
0.8119590660939700,0.6361385140877550,0.7415053034145970,-0.8549848136497570,-1.2588118750616900,0.0,0.8619641935890110,0.930046533094308,0.6388913521707100
0.2597954897142170,-0.9049858623234610,-0.9567430888526270,1.3872018852417900,1.500628899990020,0.0,-0.30615938525701300,-0.0611017789182393,0.8054492043053330
1.5453998414019700,2.4544413786402700,2.1408702657754200,-1.0970791124741000,-0.8648433546365430,0.0,1.7455616519219600,1.4225809334204800,-1.2092369219721500
-1.3897768565576900,-1.3191838691212400,-1.640041445796100,-0.9115566246831870,-0.6881933307937560,0.0,-1.5798933006012700,-1.170473498821500,-1.093823279066770
-1.4133833521261700,1.1454683214966400,1.1742118040700900,-0.8906912665133120,-0.93353372039283,0.0,-0.66097340575043,-1.6144437368474800,-1.0804891048387600
-1.2490469681636200,-0.9001246150447200,-0.9497334567640860,-0.607623970909737,-0.3987960120374900,0.0,-1.37655856687437,-1.1962642201644800,-0.3176128299145120
0.9051169120333210,0.018294235529959300,0.15180634081434100,1.9488780836381900,2.035443385393410,0.0,0.8400077781339630,0.5561364198737020,0.15774723562425800
1.0728362172129300,0.11745023179123500,0.25238586640463700,0.06834246739696240,0.24484287436198900,0.0,0.8910410057135740,1.2398466960625800,-0.6328231839012840
-0.30602948915753700,-0.025565293029995700,0.10646814168570500,1.0602208278186900,0.5703386052571660,0.0,-0.0075000779711678100,-0.1755044090601490,2.044607823307310
-0.5946782019557420,-0.38224633328040700,-0.28455262624225500,-0.021949982166637900,-0.4897178017822790,0.0,-0.6050883500773170,-0.7359158834053630,1.4061730096981000
-1.2919369908227200,-0.9228370564489120,-1.1737449917439800,-0.5571838043706130,-0.5456137038230730,0.0,-1.0852873228852800,-1.1880102295493800,-0.8513226649509930
1.0448621068980000,0.08603740453337880,0.33547105049394400,-0.3458952524021270,-0.30175590410763700,0.0,0.9094692560716990,1.3941181284469200,-0.12077881598834300
1.6599053680134900,2.350099371756280,1.9699349024757900,0.6452562892469050,0.3772589091682080,0.0,1.9532159913546800,1.9327268886210300,1.308439456451400
1.6057826543402800,1.038230612527490,1.1327334307431000,1.3485802524140100,1.3411337217402600,0.0,1.4133063126049300,0.9096489361682960,0.861098906089159
-1.0942953149649300,-0.8495770505283910,-0.9755217559655360,-0.39231788177497700,-0.3553343878939090,0.0,-1.1233063908440000,-1.139951782461670,-0.7842005503866980
-0.4840488226018830,-0.7102044056315020,-0.685679619981633,-1.493888268177900,-1.6267072481706300,0.0,-0.7038167468511610,-0.3932169876867860,-1.2113977456359700
0.07328210554964910,-0.5900978941423510,-0.4831756007957490,-0.8059358214751590,-0.8327098053427550,0.0,-0.41550574460958200,0.2184091226744380,-0.9191315164830140
-0.4891651095639040,-0.904290105344173,-1.1186997719929700,-0.6331903780927260,-0.33685032196536600,0.0,-0.7370097837789980,-0.22436669702556700,-0.5193875305574910
0.8393499679262100,0.9368912568607160,1.0581696449459400,1.7674711750392300,1.9098956400851000,0.0,1.0300104836434900,0.8171371903841190,0.4218279355695830
-0.8739034451251160,-0.5759675511158120,-0.46124346950107300,-0.8689918279544590,-0.9054856318398660,0.0,-0.47396925935354800,-0.9580436541051990,-0.8960137585287550
-0.12694877035648200,0.7521823052645820,0.9171649377348260,1.4187552442305000,1.2741124537664400,0.0,-0.12886625832842600,-0.6204700073542440,2.0464318538328800
-0.8628837492926020,-0.6104668877313010,-0.5154087564126690,-0.08265972668268940,0.0020562783832174900,0.0,-0.6382405370238120,-0.7479809081119580,0.6644344305882500
-1.2683759634452000,-0.611063725169911,-0.5989341162942170,-0.6657398013793360,-0.5285137026688040,0.0,-0.8617141878294200,-1.3731320065917000,-0.6700271572904460
-0.3315110765722510,-0.7828776920062370,-0.8808097155989470,-0.7918930254294750,-0.7808483070254010,0.0,-0.560964453707402,-0.19638063127838300,-0.6449210692492540
-0.04172669153530520,0.9373458499824050,1.0757256798766300,-0.16003938430380300,-0.4114654861263570,0.0,0.6265270511444050,-0.05547859086704720,0.041298740042551800
1.0555083521020900,0.09745437306101280,0.28901876415817000,1.6477871102952700,1.5925675941495700,0.0,0.6871265885743780,1.1202455970735700,0.9844843389591190
-1.1454284155011600,-0.7784396521113530,-0.8729604749688030,-0.6651424681910020,-0.6471569692411820,0.0,-1.0454633130824500,-1.168998309793400,-0.6695453259431460
0.34267865546315000,-0.25247393025448,-0.11015366173018100,-0.5290992578833370,-0.5036641185685620,0.0,0.32351375770030000,0.4521103691457160,-0.6049778382029560
0.02271345208804150,-0.22138661521993200,-0.07217142063859360,-0.6461501037142870,-0.7532853766007610,0.0,-0.10984336344690700,0.011423822835089,-0.6537834340888460
-0.2836895427149270,-0.9033355071652960,-1.1092251208830300,-0.825371621595958,-0.8161601699958640,0.0,-0.734416862153833,-0.14021325892850000,-0.6917706769734610
-0.47449781365221,-0.5052495808882480,-0.4433226894701030,-0.1781327347053770,0.011875784998267200,0.0,-0.6069370446115490,-0.52652143961838,-0.40068058444680200
-1.2793341294125000,-0.769104088453362,-0.8565625800707840,-0.6137829592705200,-0.5929850460156200,0.0,-1.2760648194675200,-1.3317842200469500,-0.624947116278963
1.6824955871420500,1.3629182550146800,1.4164137697153400,1.507368622198880,1.349883191363320,0.0,1.8088003558193900,1.7233603521143600,1.6924336310731500
1.7211675860382300,2.4262123132107200,2.1629815659045300,1.920195623978950,2.079752605731400,0.0,1.7494362910606100,1.4853683159556200,2.2424364923990600
-0.43923004042692700,-0.46042247822496700,-0.6357992260948410,0.0769993117339902,0.12715248234924900,0.0,-0.5165788002355440,-0.32960274675575000,-0.42769654806270900
-1.1125214386467100,-0.4670070815021500,-0.6704554024312960,-0.943180852926633,-0.9164250139816690,0.0,-1.056458206592890,-1.2141403574836100,-0.6551470391738650
-0.928616354653576,-0.46593963163782800,-0.6646266001210230,-1.152437612048470,-1.130480974231920,0.0,-0.9329846901939180,-0.9914253201916550,-0.725662677014697
2.2998260594821800,3.116456292783870,2.845958552905510,2.5548650541657700,2.6618468601715500,0.0,2.360854424067350,1.410308958903400,2.0929325209113900
-0.5327856702946550,-0.3416616417472100,-0.2323035275910390,-0.9041754020010850,-0.8765249921716170,0.0,-0.3593732849077300,-0.6476801699122680,-0.8974902121466800
0.26645522749262800,-0.3892052390225140,-0.36478763810417000,0.16227418029882100,0.2143830881966370,0.0,0.13965652881789200,0.5498239424782040,-0.3438106629619220
-0.09374443421185930,-0.2518126090005540,-0.027696664605321200,-0.5211610944753750,-0.48472643937426000,0.0,0.06453601158289350,-0.08526271455016720,-0.6856752332308320
-0.18793344439977700,-0.4538793174444100,-0.604008557771436,-0.2599868624784400,0.0484470816362449,0.0,-0.40312954387226400,-0.017867921046185800,-0.22252952824018700
-0.9456687521424700,-0.3232161916480760,-0.18634535319794300,0.43500691776361800,0.4933708172176890,0.0,-0.7105392623392490,-1.1586812693616500,-0.046931427495184200
-0.5054298330993910,-0.4066085807787760,-0.4201905311719460,-0.4274373354127600,-0.38885317186976700,0.0,-0.587733296537173,-0.5489183717503050,-0.5863427500931880
1.5866623089541400,0.827796493881101,1.310814673393240,1.2689056126807300,0.9329654547123250,0.0,1.70933066356572,2.0021062586493300,2.1353638820329900
0.5929863719464180,-0.3845000156584820,-0.3505597252097340,-0.289671917300167,-0.6811551926544590,0.0,0.2924194566449070,1.0313397110206600,0.36298967547488200
0.5016314837524740,0.5311256115948860,0.8325650377330100,-0.6719410495601020,-0.6900644213516220,0.0,0.6500730913611910,0.5327859317819270,-0.8004652003696470
-0.552541919106837,-0.4166230611534350,-0.295016435776148,0.05802938107891340,0.06257354048569980,0.0,-0.49708783575317600,-0.5246952011541050,0.09253728483157140
-0.5968523247942330,-0.7204371668900080,-1.000376728368920,-0.2044992414908740,0.13762755920592400,0.0,-0.8050025943515250,-0.3193783047628030,0.1480805802232160
1.7770216588005000,-0.0579395703105648,0.21552050343257600,2.1734432086617000,2.0110773843510800,0.0,1.181924703313430,1.4114898742586300,1.6741829831955900
0.3372137482737120,0.22929172055980000,0.5386364235199030,-0.5361245661985110,-0.5500304734947250,0.0,0.6719809726671460,0.2740073755317910,-0.7343981583412570
-0.9885461597818900,-0.46213181265930000,-0.3747740003649660,-0.7855352988027460,-0.9532280052926890,0.0,-0.7045413037366490,-1.1781244115913800,-0.8445705001467890
-1.2508618263320100,-0.555958170264476,-0.5581116604096650,-1.0680603388510900,-1.0984842723796100,0.0,-1.2121845170172100,-1.5591888598499300,-0.9875193874951290
-1.1963512579587600,-0.6573129917400180,-0.8015457620348440,-0.7827851554791340,-0.8043505327596560,0.0,-1.2542178367697800,-1.360765737926640,-0.7325780227147620
-0.39125191559201000,-0.7405841606038590,-1.079264942557250,1.0865262103141600,1.1230079427862600,0.0,-0.6318651565845380,-0.033528050115297100,0.2897299589740620
1.100476786289640,0.5694796749546990,0.8674196418282550,-0.8999645297300370,-0.9251686394990860,0.0,1.1413484032937800,1.2879866705771100,-0.8874921457079670
1.5476831257384100,2.9488862083277100,2.485996365193230,1.4483223534402900,1.49603882230378,0.0,1.854027524139910,1.3908683504873800,2.1049172350726300
-0.28762139928897800,-0.6677962818154350,-0.8310484421951750,0.1825890266174270,0.19100109564463800,0.0,-0.39445545056257400,0.07854236276331140,0.6775753724784830
0.5377582433449530,0.49490986207239700,0.7047608506033460,-0.9389410490666470,-0.7916623806738610,0.0,0.6748208300754330,0.32518806674985800,-1.0007902648486800
0.3791523363663490,-0.8297971862062310,-0.9341671271712270,-0.17410177909203700,-0.09259079625791050,0.0,-0.4343997315036050,0.7480541126137590,0.17008519529040600
0.2920441479239600,-0.8213672756657690,-0.9155920455325880,0.24615063767333500,0.2915245785352190,0.0,-0.2732326294557300,0.7880438245213780,1.1445005017955300
-0.17659967452169100,0.7568162552738120,0.9205027364294860,1.4838946246086100,1.4228363246971000,0.0,-0.047272382793513600,-1.1558562545532400,0.8665098950754410
0.7494526357254120,-0.3799568792716300,-0.19775478138245200,0.02577331271705440,0.09009725677694890,0.0,0.43373129477503400,0.9260365023506400,-0.6816571790917560
-1.3516641489542600,-0.8897204455209540,-1.0773735491841000,-0.561905357635486,-0.44704757265165400,0.0,-1.5636373172207300,-1.0454217585685300,-0.8293195090407190
-0.12809137786707300,0.44606999407006700,0.6625686920934270,-0.2934387831626060,-0.4334072604807820,0.0,1.3043082712403500,0.01973609098953120,-0.7307914443120760
0.03237249395491990,-0.7683489319250720,-0.8055854105614290,-1.051588672370660,-0.89462355904856,0.0,-0.4812203649544860,0.3896634164290690,-0.5959398796186130
2.0680956629125800,0.2599355764715090,0.4951369539428460,1.0457944286305000,1.0224078815478300,0.0,1.5714863343773700,1.9454345123011500,-0.033202857280903000
-0.5647546423920940,0.027360864480950800,0.268338012167287,-0.29541316658520800,-0.20347075129129200,0.0,0.092405247662335,-0.7792053351477140,-0.6360973408152410
0.25580710510935900,2.6649869184268100,2.16491931865484,1.9895535102632500,1.8850141602838300,0.0,0.669114910215497,-0.5580164441537740,2.5335057818031800
-2.09357278160236,-0.9608887522058870,-1.2857536500594400,-1.4757777059801000,-1.8490778814368800,0.0,-1.9461044624179800,-1.6036567335321100,-0.20680289895656900
-0.2128506151545560,-0.7081888769437030,-0.6938173853815050,-0.14947626784857800,-0.1381622607348820,0.0,-0.2217319263576030,-0.14728302615108000,-0.6867916949055470
-0.13320420530564600,-0.8433910755134210,-0.9212489223403150,-0.7571847697974280,-0.44442711839278100,0.0,-0.298524536222874,-0.01863856227782240,-0.3264531744131750
0.3474279458420620,0.14195468226840200,0.34031974022222200,0.6608969888956520,0.6956155055147560,0.0,0.22218073747230200,0.37590608303019600,1.291972248329710
1.743526314766050,1.198380555213840,1.2421951238244200,1.5179803694081000,1.5774524375038600,0.0,1.661395195338550,1.7864658754422400,0.8627707729968180
-0.9265274952652390,-0.8904460764922240,-1.0087682905659300,-0.6395903087084470,-0.8120113993735070,0.0,-0.941384461988547,-0.9459551149983440,-0.8558071670293310
-0.8975281890624150,-0.7289967528889000,-0.7268697261169470,0.32526751330074800,0.3502926655516650,0.0,-0.7990568589895540,-0.8989245241289310,-0.4686712249461170
-1.2197333245502800,-0.7771066048071390,-0.8058243499916600,-1.0511496102132000,-1.2449341745593100,0.0,-1.2101478120729500,-1.2598803843104900,-0.9685451384385550
-1.3269039088175200,-0.8860695136497720,-1.00040603835355,-1.8334382646433800,-1.601881396203580,0.0,-1.2622252504041200,-1.3571097613983600,-1.111459103992790
1.1394471100680500,2.208004855041560,1.9342257289873300,0.9917115494253670,1.2422830496111200,0.0,1.5395571258292900,0.9921396575703050,-0.016332522079620500
-0.577845716677518,-0.4576086058742970,-0.3358876021148440,-0.9098694214616480,-1.1157248210370600,0.0,-0.5317276843689280,-0.5789445498974460,-0.8600583882232170
1.2570824666828600,0.9524126848411400,1.052980381135500,0.6318243858094550,0.6657032522925080,0.0,1.166715401958730,1.235781589284350,1.2418965771312400
0.8071096174741320,0.7910547288045210,0.9231013406952780,1.2130278358333600,0.8257942598272040,0.0,0.6749500698057010,0.816442717835373,1.897478815570580
-0.11139443291035000,-0.2923645726891650,-0.06030110553549330,0.06648457671775680,0.35729672441150500,0.0,0.5607504831227560,0.19399962625421400,-0.6333188572004250
-0.5963771857681440,-0.7622730594320440,-0.7692030864646860,-0.45459973501791,-0.3646299162805530,0.0,-1.0240707021250900,-0.08558533494422620,-0.08371250964074370
-0.5045524381747000,-0.7416252366978900,-0.7280557667469940,0.7309379991233400,0.34635793214805700,0.0,-0.6941121498333820,0.1241249262350690,1.5802284508220600
2.364398333369200,0.6229618118357620,0.8155168808430640,1.8963569017768000,1.6831293913699400,0.0,1.9822491166780100,2.056942266404120,1.270647000448520
-0.3566229332294140,-0.9108853420132430,-1.1380508345093700,-0.3163334387066130,-0.224933706690406,0.0,-0.9583204405312090,0.2713344930063320,-0.7805948896408830
-0.6923617221159500,-0.3477356756693960,-0.1280315366398770,-0.6065659087706640,-0.5181676838025940,0.0,-0.6893015028214090,-0.793623518864513,-0.8538272270387700
-0.6735017394741220,0.9576048739368090,1.069491912758200,-1.4141117087315600,-1.5408048362164100,0.0,0.16142702957585900,-1.680236337640890,-1.1815159785507200
-0.7515272143615180,2.002433581208550,1.7469459820982000,-1.1055087409131100,-1.3327172557744800,0.0,0.5383574739130730,-1.817251502176200,-0.7375751580172350
0.1259204056623620,-0.5235140683160790,-0.36422491990292000,1.1302238821328400,1.2365835253990700,0.0,-0.2683460219645220,0.2348716626414990,0.10110104771759400
-0.35303342020212500,-0.9548329103510960,-1.2975938084634500,0.03511849988060910,0.13015285441344200,0.0,-1.033912105239130,0.4837766413538520,-0.48608061519746600
1.9623309432542600,1.6752719179024300,1.5496348008202500,1.1785822168337500,1.2854419691415600,0.0,1.798834393570750,0.7041206643747400,1.9809839369229900
-0.4132785960495070,-0.7250413197146390,-0.6961285182569300,-1.1405845443252400,-1.0577089981191300,0.0,-0.37355557434573400,0.30752641335598500,-0.1763352006249190
-0.987976869204925,-0.4652757303784030,-0.36433848979328200,-0.16051015017091300,-0.2101941655761620,0.0,-0.7193052417984460,-1.184800141095340,-0.6830146459512810
-0.8053203194304480,-0.6979364307902460,-0.947213078098517,-1.093540343640760,-1.14685099512825,0.0,-1.0472941418749100,-0.7508511848697170,-1.0597858992909500
-0.7428241259982240,-0.7140402519713450,-1.0129623366232500,-0.39144519585140500,-0.4420268428394070,0.0,-0.9915354763087060,-0.6306770005251370,0.30265246546808200
1.9241946431800900,2.943338375579320,2.456284390214670,1.5182800445648400,1.47512139258015,0.0,1.9654890384076300,1.2081107713447500,1.8496162356602900
-1.0392033931544700,-0.4140207371819720,-0.272736667987702,-1.0665348164523800,-1.1197404989688700,0.0,-0.7186847080855620,-1.288415822504970,-1.2973089270784000
0.5597812756915580,0.5078858549468280,0.8224883781856640,-0.8052032503237790,-0.8573931516857240,0.0,0.8619949103356220,0.6623161573136880,-1.0952182835466200
1.5375796741854000,0.4169671663255310,0.7384756971712760,2.3160064630690500,2.275948528974690,0.0,1.4319378160491300,1.6636242310517700,1.1479221127305600
0.9202607528846620,-0.15037659493247400,0.11825569754437400,-0.0803998691338474,-0.12977250036546400,0.0,0.6893991557415670,1.33833266627213,-0.05358717610734560
-0.4258133345471410,-0.6577321260141240,-0.8100770038144430,0.6894893840951860,0.6431092692522510,0.0,-0.5872343139380820,-0.2477082632433340,0.22178162129538100
-0.9967168972957160,-0.5616751522739560,-0.5606383421643910,-0.7364639542141320,-0.7883866697837150,0.0,-0.8881435769470700,-1.1142895298644900,-0.9923501103362620
-0.3845255940882830,-0.7068623704404720,-0.9826131928749280,0.15818239530934900,0.10973711997132400,0.0,-0.5553468712183280,-0.10660067687596400,1.206464559947310
0.44056418777750600,0.49972799713131800,0.8150749482405220,-0.3478607072512120,0.19044851356917500,0.0,0.5587234096371580,0.45095879299659500,0.4528280472092270
0.43358686106486400,-0.7232171340799000,-0.6686795734338210,-0.8953381460039710,-0.6970073280405420,0.0,0.32647365388299100,0.5562367260185460,-1.0065412271628900
-0.33078769242831600,-0.9271832701847640,-0.9473540088466580,-0.017190938946995100,-0.19298611310990000,0.0,-0.664772840788211,-0.09825478434985980,0.18769367669178800
-0.5500676986926300,-1.3115758118002500,-1.5875906711928900,1.0279527160209000,0.7833777323974610,0.0,-1.005458740388720,-0.212751220001268,1.6434578767551000
1.2736417319429500,1.0239946639794000,1.0483726387525700,1.789400237282950,1.783842385788780,0.0,1.3137254191362200,1.0132480651285400,0.9355601215976310
0.44047374985919400,1.188334448679690,1.1765948335465300,-0.027704240192609300,-0.001148335995016800,0.0,1.2313805996200500,0.31559362887154200,-0.7284989686513790
-1.0649013705486000,0.6258049292214860,0.7210421743358610,-1.4520058478010100,-1.291331880364400,0.0,-0.7087636551363610,-1.2714274176626900,-1.1536916175053300
-1.6344641972893000,-0.4829335319765250,-0.3735090676997960,-1.4422488108511300,-1.524262418782540,0.0,-1.8479091131083800,-1.7520910514682700,-1.1471377846960800
-1.1622719539907200,0.057391353911472100,0.20210895609107600,-1.2120912281888500,-1.4006057615489200,0.0,-0.7369354908614910,-1.2686991988017600,-0.7227289750541390
-0.43149291564729600,-0.17528697666667600,-0.033551711942658000,0.6734045913200440,0.6974858970833290,0.0,-0.30065721752576400,-0.3277580477348680,-0.23287503380681800
0.12328725469871600,-0.2612849473313310,-0.1249876231546860,0.4616454553431660,0.7517720223294280,0.0,0.23062983782734700,0.258904201577546,-0.3927772321723020
1.372810761774550,-1.1230590839275800,-1.249250338754830,0.4579316872379760,0.7478070292834400,0.0,0.7227755574769440,1.672179958896020,1.1652746851612200
1.530185469256580,2.109015360174980,1.8368043922993100,0.6362445247795260,0.3430567709588880,0.0,1.439511989865360,1.1148191395265300,1.4522644788432000
-0.4870769492061310,-0.5293006004788250,-0.45138029019330400,-0.5267109081984680,-0.46525974525284600,0.0,-0.4336839739934900,-0.3735654064433070,-0.7148101348224320
-0.8858648735659880,-0.5902841406884040,-0.7962324575314540,-0.3447383376126340,-0.2645334971633330,0.0,-0.9423346654723370,-0.6683884382611600,-0.22679539654881200
-0.570647495214784,-0.5823660252455260,-0.7096446642708230,0.043183199713537100,-0.18821113006400500,0.0,-0.6233619157172830,-0.31450525567440700,0.4366981018443570
1.5487012925669600,0.32443058719107000,0.7747559852617830,0.8082765840115350,0.7707785497045570,0.0,1.2397624938049000,1.0620049112229700,0.43011244022646300
-0.1170633915466580,-0.1561913867134080,0.2585130047264990,-0.7812978015451200,-0.7460837823575720,0.0,0.09749837038623650,-0.21749952292883600,-0.8138082841493620
-1.1138929153931300,-0.5931029540420040,-0.8689062545206840,-0.20411869194028900,-0.2579318249323960,0.0,-1.144234443334900,-0.9880484291569440,-0.5612821625821470
-1.0645648444678900,-0.5925184511909250,-0.8436226978916930,-1.5504663108827900,-1.5945210415055400,0.0,-1.095876001131910,-0.9253363770567210,-1.115034703187540
-1.030402543508550,-0.5930775105786090,-0.8672441115036350,-0.9406887899153880,-0.6976946420903730,0.0,-1.0811973419555900,-0.8589336095518710,-0.7363978478833850
0.8620608842435590,1.383708189345160,1.554010206571130,1.2566761921664100,1.5019191564631500,0.0,1.2172439367605600,-0.3185637569527950,0.22235425508185800
0.02551056922093120,-0.49127696497819300,-0.3358310341695950,-0.8126232993077460,-0.9434142997994630,0.0,-0.000135821725368273,0.47557139295345200,-0.7824063614578230
1.2633698848310100,2.753340364869640,2.2902045960445100,1.2926639767358500,1.1931561153128100,0.0,1.4121247197951300,0.4792349293909180,1.6287645454517500
1.5698703820406800,-0.33336110748997600,-0.004622282522726700,1.7598441867751100,1.6917961416850100,0.0,1.3541946425840500,2.6480295624587000,2.2326055480270700
-2.1564167588695200,-1.0914522141276400,-1.6617781709208400,-0.2976844714621800,-0.3961824827928770,0.0,-2.065017405002290,-2.1625398699468500,-0.7515293473401430
-0.457260546353553,-0.08530722169471070,0.11568480013322700,-1.1552903624291800,-1.0834404018460100,0.0,-0.48737702099852000,-0.6127496579770050,-0.6060768607161750
0.2548771279615010,-0.6158655276258150,-0.5741662220006840,0.7467840299797300,0.8810538489008520,0.0,0.1143586801490620,0.6816088012662700,1.322436546949810
0.6733288879295730,-0.4990769092751740,-0.400559426836364,1.260498020051650,1.0790247147851900,0.0,0.33913783427728900,1.0072525005495500,0.6802152249497700
-0.6584384803326880,-0.43856259922673900,-0.31660510600724800,-0.6786703374087810,-0.5911792670133200,0.0,-0.45517867404346100,-0.6946268872075340,-0.8812013623269500
-0.5245386185883940,-0.484301641267823,-0.379720371483859,-1.592928727037380,-1.5354406257122400,0.0,-0.5885797451364650,-0.516134856882439,-1.1782521244435100
0.7579437394815310,2.279985371540160,2.006606821812770,0.0387715060066579,0.14980667037154000,0.0,1.1719903220180600,0.32992800159878800,-0.5835796153350630
0.42537543294273900,0.0292009540966715,0.24000430908995500,1.3644155885715200,1.2036812666324000,0.0,0.17000003112025100,0.049916368524622100,0.6210401522919920
0.5470023704598200,-0.19189910852824200,-0.006115813763373260,-0.02759584719802850,-0.16063441906456400,0.0,0.47406178322724100,0.6575439955905220,-0.4653113582430840
-1.21298961026588,-0.8909481845301830,-1.0776922694459700,-1.2741892819124800,-1.4351330269551300,0.0,-1.0737223262791500,-1.0080358007782500,-1.0169381976222000
0.6170285664239260,0.061408331822736000,0.27388497310393300,0.24264498123255800,0.36037060601962600,0.0,0.44003123241883100,0.5914605721893910,0.8696378365340220
1.7340878892109400,1.9268187488167700,1.7804564763184600,1.3732449016059100,1.528073116674530,0.0,1.9602952882491500,1.6763768330729300,1.9895591053015300
0.47325194137758700,-0.1304039831162940,0.05836459006949610,0.35196175468167300,0.4305855679946730,0.0,0.17131461857402700,0.7910861720032780,-0.40995594550980900
-0.7290232970033880,-1.227257413926620,-1.604258365503660,-0.2856868863968020,-0.23850218632577200,0.0,-1.3458789613556100,-0.2111001958897910,-0.12497676034939700
0.20455776047849000,-1.0640987601997300,-1.2175662847478400,0.16092666480355300,-0.2511757842255810,0.0,-0.5246619356494370,0.8897834652789870,0.818765161767299
2.1154715708091600,1.566274024880800,1.4409219039647100,1.4120891491176500,1.5429822892314100,0.0,1.6923045055527600,0.8710240174536640,1.1090966205545100
-0.015008830715210900,0.25954318281593800,0.4335071022412290,-0.3824234876995470,-0.3400083625434060,0.0,0.6633452303861300,-0.0473531487118139,-0.7635567494783110
-1.5905635852097400,-0.34180975797565300,-0.16967508516723800,-1.4800838737660700,-1.491788630556840,0.0,-1.22688130593738,-1.9526802380861900,-1.2899372860180500
-1.5156801810292400,-0.15434571659108900,0.03355270027306800,-1.479041523056520,-1.2862920205397000,0.0,-1.0688663046925900,-1.929563343009260,-1.2888751073402800
-0.35644748832755500,-0.02977810134843390,0.16015868645180900,-1.0888098598466300,-1.0812229452689,0.0,-0.24318750605622000,-0.4849229470713460,-0.9395877708792230
1.1628153355003900,-0.09682057247386240,0.09277500888816640,1.6926803468211700,1.6019075871380100,0.0,1.386007739246030,1.3513885175365100,0.5931477444460440
0.009173767846434110,0.03347060159958570,0.22222440825653400,-0.1872539618208220,-0.35805629336990800,0.0,0.449801363999794,0.18045611989115300,-0.5604247002932960
0.5632540965303350,2.3202608121253600,1.9199128820453900,1.0539035375419700,1.1671364220251000,0.0,0.9584414281642360,0.26767205402401700,1.8638846929427900
-0.321801090257265,-1.1350343157900000,-1.3699175467716700,0.23173813962036400,0.3044343564409150,0.0,-0.9117388722317550,0.2742095265808040,0.9924201001577240
-0.8787509761961520,0.35758418342601200,0.47538436095821700,-0.4502202746929420,-0.39228824133418900,0.0,-0.42405301153178300,-0.9147850502795650,-0.8229266406719750
-0.8369965938268570,-1.5436830942692800,-1.9402510259691400,-0.6573469484101300,-0.1462426183423370,0.0,-1.133408002716720,-0.6740191091321500,-0.12107905800025100
-0.538398831499935,-0.5853764330425850,-0.3638182384365650,1.5446122153078300,1.252813960074260,0.0,-0.6568480626558940,-0.6780305785700150,1.7810344529988000
1.1627338308183500,1.1435551975403500,1.0285312509289900,0.8450768710563420,1.0905917957916300,0.0,1.1508893583541700,1.0379148651406100,0.3367309975280620
-0.7393983120997130,0.5306164475395950,0.6054276046023850,-0.4439104980556740,-0.3850646927879480,0.0,-0.3438735048136780,-0.7441537460787980,-0.8197366539420870
-0.05191265865898820,-0.7394581183402990,-0.5334655233862710,-0.7348414975927930,-0.44836877163998600,0.0,-0.1525768556814630,-0.0011203044464570400,-0.8514146304482540
0.2836488885206690,1.2333571710470400,1.086417029296970,-0.006387032760953470,0.11582023125343600,0.0,0.574786229872777,0.319006109322507,-0.652097479987341
-0.44825128670098600,-1.293142145528460,-1.3197849961790300,-0.8320710787641750,-0.8294380770887680,0.0,-0.6771770238716190,-0.3030625401603550,-0.44362908890355700
-0.5935552779863220,-0.023425397775960300,0.1673863531647510,0.6063261407499530,0.817265560971776,0.0,-0.6114030845769190,-0.7760145818705090,-0.2998310801467180
-0.982543717873557,-1.1838756534903000,-1.1303218507822300,-1.9675582458623100,-2.42503850738825,0.0,-1.1636608323125900,-0.9486402461346950,-1.1262229482622200
2.1052387080106300,0.7342329003739190,0.7519540026792890,1.4951427838730500,1.2018437951920100,0.0,2.045443601626820,2.106484407308430,1.719073762688010
1.5181862274928600,1.3696149425199700,1.1725410331226400,0.6011775651518060,0.1481055652983620,0.0,1.3918811883069100,1.5764207749010000,1.300098367147530
-0.978160327799141,-0.5117679374175640,-0.6284417881133970,-1.6351965160507300,-1.5977188998852200,0.0,-0.9894255524955770,-1.2889065666285500,-1.4276033545817800
0.11313334807640700,-0.25730500514317700,0.0322616301933262,0.7682815004892200,0.6946473267149110,0.0,0.40219754880097700,0.9439606835397360,1.1258648115749100
-0.7586768130950830,-0.5404092547138390,-0.8180823917756640,-0.5804811147100700,-0.5917625532617550,0.0,-0.9060131492311700,-0.5953774969847840,0.3961137272145450
1.2598874225153100,1.4989480342928300,1.7300218812220800,1.214032344676250,1.1197912946068500,0.0,1.2161878707106600,-0.04700147802609880,1.1741488277456700
-0.874038038789291,-0.49520675136732900,-0.5543851004972870,-0.21637214910868600,-0.24448619383471400,0.0,-0.6779659294296390,-1.06398886887711,-0.722932567514206
0.016593945315524000,-0.49047256573205400,-0.5353911082067580,0.6348444861618930,0.567379050110211,0.0,-0.0973997505743178,0.8763454473258200,-0.22631281518146500
0.47472407858520700,-0.08433732232437750,0.3019778136251520,0.40139610425240400,0.3447228898869680,0.0,0.4426549607604600,0.9380014017761190,-0.3402812377859730
0.6019402966257820,-0.44297275446769000,-0.37616308866810600,0.2795084471194400,-0.12881894413270200,0.0,0.4174553584987200,1.874975667357820,0.285064537864829
2.4065152192884100,2.7805360353487300,2.480191539897280,0.5314640394259270,0.46877783846712500,0.0,2.4486545553109600,0.7786537769206660,-0.04301805740239630
-0.837316265956097,-0.4329518214671350,-0.34753449646115300,0.3769512554514990,0.5808042179054980,0.0,-0.7433835201230670,-1.1971500979895200,-0.22455289852944500
-0.6474062102263660,-0.49343472694004800,-0.5471817599117060,0.5683115575179990,1.059216873308960,0.0,-0.6404881974556980,-0.5308095535241600,1.7815947758353000
-0.7771966545406590,-0.5306259300683470,-0.7372731313037760,-2.3427399552251500,-2.2725528998861300,0.0,-0.8724741947723150,-0.6887029148899210,-1.7780857492399900