,max GSR,min GSR,mean GSR,number of peaks,number of peaks SCIPY,number of valleys,mean time between peaks,median time between peaks,mean height of peaks,median height of peaks,variance height of peaks,ratio of peaks,ratio of valleys
0,3.9824839042714872,3.3174027889061755,3.5601462428099686,2.750683544860898e-05,1.9254784814026286e-05,1.9254784814026286e-05,0.34690795662722185,0.33923354953706,0.016262450478594405,0.009380334953446071,0.0003473255581932774,7.566259963968515e-11,5.296381974777961e-11
0,7.146960286639313,4.043869449130206,5.56749601282211,4.146710621799258e-05,3.628371794074351e-05,3.628371794074351e-05,0.35214903277974746,0.29794115817627664,0.13589308805681136,0.08333867345513744,0.015210998740040638,2.1494011226178485e-10,1.8807259822906173e-10
0,4.711197092199839,2.393336904696354,4.072887837210284,4.1106307762926224e-05,4.1106307762926224e-05,4.1106307762926224e-05,0.283592417256428,0.2792557017874393,0.1018195684597148,0.12570226976042156,0.003313117507054726,2.8162142298340144e-10,2.8162142298340144e-10
0,7.700064493777689,3.21355582278412,5.407625222691979,5.070082365792615e-05,4.148249208375776e-05,4.148249208375776e-05,0.45765789849695104,0.459052171147544,0.20758610959194213,0.14682362044975655,0.028586693854126988,2.336885017811022e-10,1.9119968327544727e-10
0,3.6082854128689323,2.973925920987004,3.232516924075603,1.9288688286530708e-05,3.031079587883397e-05,3.031079587883397e-05,0.27124855679278714,0.21407826247495915,0.01379768314539861,0.005141211620077718,0.00032615188402749785,5.315049940213528e-11,8.352221334621258e-11
0,4.308028654654469,3.425198681782038,3.7514888230064183,1.4469769757023627e-05,3.183349346545198e-05,3.183349346545198e-05,0.18404678944748631,0.20142498292567168,0.04658236326840008,0.02054918647854143,0.002172574180106953,4.1874847364255115e-11,9.212466420136125e-11
0,6.261925553212177,3.3208830759753662,4.9800601786990235,4.073331607016604e-05,2.9095225764404318e-05,2.9095225764404318e-05,0.3681797153905016,0.28789143989362787,0.11354107021182236,0.10391799267446736,0.007133933881658406,1.1851450271943195e-10,8.465321622816568e-11
0,4.656700479059797,3.305709827995531,4.017253710122792,3.9321228220408593e-05,5.67973296517013e-05,6.116635500952448e-05,0.41827301165655967,0.3785432795651946,0.04770205155330755,0.02328965013783944,0.0028911291078132268,1.7179544319571745e-10,2.672373560822272e-10
0,6.673863390916325,1.8598189923395725,4.736634643339532,4.022607051630162e-05,4.693041560235188e-05,4.357824305932675e-05,0.319418465107236,0.35643315432731953,0.21472294688666035,0.24162455841504515,0.020449828449235357,1.348447290985392e-10,1.4608178985675076e-10
0,3.288227827962009,2.9055347749384817,3.07946548150494,2.5375719243042294e-05,6.343929810760574e-06,9.515894716140861e-06,0.4676396140353103,0.4739518241970171,0.0034619826087306012,0.0019518312475304326,1.906294779490531e-05,8.049089088771337e-11,3.018408408289252e-11
0,6.500643517195685,2.9553641711973744,4.288023540195486,4.0741771859658174e-05,3.395147654971515e-05,4.0741771859658174e-05,0.3305991077551963,0.3442679722141116,0.19037803751267804,0.1759903030439253,0.004698219821020342,2.766486623774058e-10,2.766486623774058e-10
0,5.366421539293949,3.136484549834692,4.198029791734247,4.269277567081024e-05,2.8461850447206826e-05,2.8461850447206826e-05,0.5232853513971211,0.5232924668597329,0.08417255834385222,0.08562027328152695,0.0040109309736452835,3.037788490796878e-10,2.0251923271979185e-10
0,12.011207644256547,8.370944838089413,9.118960539388125,1.6504101269165386e-05,2.2005468358887183e-05,1.9254784814026286e-05,0.5836125277131368,0.6797929285427429,0.22549138253959844,0.21320812673236572,0.02443237779624164,4.5397559783811086e-11,5.296381974777961e-11
0,10.616757755132003,6.552884504789379,7.602410703259724,3.110032966349443e-05,3.110032966349443e-05,3.110032966349443e-05,0.5379216686363543,0.5604538574775559,0.13965077190239336,0.1435816326391057,0.012450007340603815,1.6120508419633862e-10,1.6120508419633862e-10
0,11.73710522924755,8.062103702541753,8.898573820862815,3.4255256469105186e-05,2.740420517528415e-05,3.4255256469105186e-05,0.5439597706268027,0.5955687400231565,0.24397089260036778,0.15450395798402136,0.0612376672938682,2.3468451915283453e-10,2.3468451915283453e-10
0,14.64693223854994,8.886335770289776,12.670258585795068,5.530998944501035e-05,4.609165787084196e-05,4.609165787084196e-05,0.4992003097359409,0.5079070239077429,0.23076046123735608,0.21032948110761257,0.013893253318187063,2.5493291103392966e-10,2.1244409252827474e-10
0,14.994556388084167,6.842081450674469,9.473160296384947,2.7555268980758155e-05,3.3066322776909786e-05,3.3066322776909786e-05,0.29747566180867274,0.21695365479310127,0.209313580288604,0.18204619917225856,0.02344748266927488,7.592928486019325e-11,9.11151418322319e-11
0,13.197269180369501,8.481505300181778,10.08543413097295,4.0515355319666154e-05,3.4727447416856705e-05,3.4727447416856705e-05,0.3850405732343987,0.330599511500573,0.16840519953684624,0.14377508855045745,0.021884660784616386,1.1724957261991432e-10,1.0049963367421228e-10
0,10.404099690929227,8.879638517764686,9.30705810134537,3.7823793493725614e-05,3.200474834084475e-05,3.4914270917285186e-05,0.4612000616818786,0.444964925705341,0.05715104764821656,0.03123394554958251,0.0032365831933380026,1.1004918109661539e-10,1.0158385947379883e-10
0,11.085664669056834,9.564769992587392,10.291864343538927,4.805927893605495e-05,4.805927893605495e-05,4.805927893605495e-05,0.4625268695059506,0.46701822757379285,0.08782022957213298,0.07483820130004447,0.002646039107517074,2.0997220835032134e-10,2.0997220835032134e-10
0,13.229877427293571,8.760074798412422,10.503232035186969,5.0282588145377016e-05,5.698693323142729e-05,5.698693323142729e-05,0.4599214250755915,0.4457886656341975,0.2768666887057667,0.2768068332155792,0.0201005364494762,1.6855591137317396e-10,1.9103003288959716e-10
0,12.816920416960286,8.743960200779068,9.480927407433079,1.5859824526901435e-05,1.5859824526901435e-05,1.2687859621521147e-05,0.40731201349988266,0.45280909212020476,0.24259536189252867,0.10143143556187272,0.09547986776620737,5.0306806804820864e-11,4.024544544385669e-11
0,13.478284932796617,7.654496571419434,10.215845873900403,4.0741771859658174e-05,4.0741771859658174e-05,4.7532067169601205e-05,0.523368801309169,0.5292220358663399,0.2255946377991334,0.2439618208752682,0.01738786203176977,2.766486623774058e-10,3.227567727736401e-10
0,11.25931855645761,8.370212597209697,9.11519300917355,2.8461850447206826e-05,2.8461850447206826e-05,3.5577313059008535e-05,0.3732629376898939,0.274400700161521,0.09473099378806549,0.04097900346184505,0.01484953049107583,2.0251923271979185e-10,2.531490408997398e-10
0,2.5097191394075353,2.2919603398840103,2.400253074166421,4.9512303807496165e-05,3.300820253833077e-05,3.5758886083191675e-05,0.522701391295737,0.5476115814779973,0.00802077820764164,0.006810978603986538,4.143481637489147e-05,1.361926793514333e-10,9.836137953159071e-11
0,5.9767375594232535,4.350224414400442,5.2099467498944945,6.220065932698886e-05,5.7017271049739795e-05,5.7017271049739795e-05,0.5465157264000332,0.5652744085753976,0.13837294974823375,0.1255042467966982,0.007269700130542263,3.2241016839267724e-10,2.9554265435995415e-10
0,8.734989899421569,5.302214778811804,6.820880318036457,6.851051293821037e-05,5.48084103505683e-05,5.48084103505683e-05,0.4824099258031145,0.5231394257448806,0.21853234848615583,0.24561574101662303,0.01921324835167351,4.693690383056691e-10,3.7549523064453525e-10
0,2.948495996795179,2.081209196251177,2.4079232999686213,4.148249208375776e-05,3.6873326296673563e-05,3.6873326296673563e-05,0.45992099889840937,0.49947685968316596,0.021438102672149656,0.014938898699990842,0.00038075959843438814,1.9119968327544727e-10,1.6995527402261977e-10
0,2.627039818410309,1.872529099937778,2.1838966595276728,2.479974208268234e-05,3.3066322776909786e-05,3.3066322776909786e-05,0.2937005899583089,0.258486333964349,0.0091097721201612,0.0055735278448923,0.00011872347205256619,6.833635637417393e-11,9.11151418322319e-11
0,2.4551145532768532,2.270043404092159,2.3550904663555814,3.4727447416856705e-05,2.8939539514047253e-05,2.8939539514047253e-05,0.515008045191985,0.3906259043606098,0.007899529293743584,0.007359682988445479,3.366518860019541e-05,1.0049963367421228e-10,8.374969472851023e-11
0,3.955587872864293,3.090881636205087,3.31872289403755,2.9095225764404318e-05,3.7823793493725614e-05,3.7823793493725614e-05,0.35634668707211836,0.35036761817753326,0.058052823291115406,0.030245479197845475,0.00318405089700788,8.465321622816568e-11,1.1004918109661539e-10
0,3.096130654095133,2.5258564682556996,2.726846388910957,3.058317750476224e-05,2.621415214693906e-05,2.621415214693906e-05,0.3475909194176963,0.3382237290505234,0.0293514646777282,0.01865532062988875,0.0008784718079259636,1.336186780411136e-10,1.1453029546381162e-10
0,10.8842153748969,4.280052258369012,7.54875153314497,6.033910577445242e-05,6.369127831747756e-05,6.704345086050269e-05,0.3753963944032127,0.3499467004565659,0.24046547936696214,0.2595606324954121,0.027787399883373035,2.0226709364780876e-10,2.2474121516423196e-10
0,1.929837796688,1.8611786961002994,1.8853892803249594,4.75794735807043e-05,2.8547684148422582e-05,3.171964905380287e-05,0.5477126961067302,0.5784918575660879,0.0018253680451808395,0.0012331360321727965,2.004502596647758e-06,1.5092042041446259e-10,1.0061361360964173e-10
0,2.512951080379161,2.153538531099387,2.2857313229655625,4.7532067169601205e-05,4.0741771859658174e-05,4.0741771859658174e-05,0.4971175196409292,0.5060739191547441,0.00823842466131671,0.0043203175256206015,5.19932536624589e-05,3.227567727736401e-10,2.766486623774058e-10
0,2.1984656284145303,2.081282415662654,2.1421459014182194,4.9808238282611946e-05,2.8461850447206826e-05,2.8461850447206826e-05,0.43481168928197866,0.47310710905869546,0.003047627342159967,0.001955595558721622,1.3282007163148187e-05,3.544086572596357e-10,2.0251923271979185e-10
0,8.783985232235626,6.976835063290217,7.769102711605733,3.0257518993469876e-05,3.0257518993469876e-05,3.0257518993469876e-05,0.30138139327622915,0.30811781727759346,0.11262939933162039,0.0682369227941921,0.0067014559849444995,8.322885960365366e-11,8.322885960365366e-11
0,6.380413765057783,5.978055419642567,6.178072304086477,2.073355310899629e-05,5.1833882772490725e-06,5.1833882772490725e-06,0.4534168895523626,0.41335966494578175,0.0023642824670305333,0.0007298544864870119,1.1095765870900852e-05,1.0747005613089243e-10,2.6867514032723106e-11
0,7.4232941095269425,6.219347528232239,6.596207526740041,1.3702102587642075e-05,1.3702102587642075e-05,6.851051293821037e-06,0.11831080479299548,0.11831080479299548,0.06999722451054734,0.06999722451054734,0.002562556842653782,9.387380766113381e-11,4.6936903830566906e-11
0,12.142782517563823,6.310845743805652,10.081585712756224,5.9919155232094547e-05,3.6873326296673563e-05,3.6873326296673563e-05,0.4559755529846653,0.4398181223180417,0.09732798171727496,0.08948541398757202,0.0027204721464917227,2.761773202867572e-10,1.6995527402261977e-10
0,7.235249935916705,6.516076586341611,6.837263047229317,1.3777634490379077e-05,1.1022107592303262e-05,1.1022107592303262e-05,0.5847476075137708,0.5835847751627827,0.030506429230753262,0.015768827423914125,0.001056667906597188,3.7964642430096626e-11,3.0371713944077306e-11
0,8.039645494481913,7.436265874267692,7.66766730463757,3.7621401368261426e-05,2.31516316112378e-05,2.31516316112378e-05,0.5564234201905379,0.5748101566207878,0.04791341092072268,0.040782626941774605,0.0015483716334300157,1.0887460314706329e-10,6.699975578280818e-11
0,10.937639102058846,7.880493066666076,8.740084992101346,4.364283864660648e-05,4.073331607016604e-05,3.7823793493725614e-05,0.40594240891012195,0.3678422107716345,0.17970077375475632,0.19113373744852666,0.013172642454021635,1.2697982434224852e-10,1.1004918109661539e-10
0,9.54681484708551,7.239407027421531,7.8742679492780985,3.4952202862585413e-05,3.9321228220408593e-05,3.4952202862585413e-05,0.3801532654095524,0.32021460652557626,0.15983063325749558,0.11898452288532982,0.03305434213223085,1.527070606184155e-10,1.527070606184155e-10
0,10.687938187691927,6.6685581444518265,8.096884518294665,3.3521725430251344e-05,3.3521725430251344e-05,3.3521725430251344e-05,0.5628699960444364,0.5869855253189592,0.1246083908604796,0.11978789343298912,0.0051790795424728085,1.1237060758211598e-10,1.1237060758211598e-10
0,7.425374255533118,6.192187272311082,6.554662631150224,6.343929810760574e-06,6.343929810760574e-06,3.171964905380287e-06,0.05712391598099359,0.05712391598099359,0.042732478024958664,0.042732478024958664,0.0021142667274279586,2.0122722721928344e-11,1.0061361360964172e-11
0,9.56204731424318,7.347957402423597,8.458958026686293,5.4322362479544237e-05,3.395147654971515e-05,4.0741771859658174e-05,0.49402793527490513,0.49349829224072955,0.07942960746524305,0.08056417903290211,0.0008974716782297576,3.688648831698744e-10,2.766486623774058e-10
0,7.142418709570078,5.9388237178853975,6.321233280587053,3.5577313059008535e-05,2.134638783540512e-05,2.134638783540512e-05,0.5186176079237792,0.5024121418254007,0.03109950444530284,0.012985381757427857,0.0015172092214033475,2.531490408997398e-10,1.518894245398439e-10
0,8.315205597400107,6.050964139155198,6.89773134007333,2.750683544860898e-06,2.750683544860898e-06,2.750683544860898e-06,0.0,0.0,0.05225082079683907,0.05225082079683907,0.0,7.566259963968515e-12,7.566259963968515e-12
0,9.634377284872357,7.08455298356253,8.030846587052569,3.110032966349443e-05,2.073355310899629e-05,2.073355310899629e-05,0.3844985590180589,0.26186995915490036,0.07635152195696532,0.026744549458252578,0.011007615829812373,1.6120508419633862e-10,1.0747005613089243e-10
0,8.204040983361105,7.265675753488545,7.740370543186934,3.4255256469105186e-05,2.0553153881463112e-05,2.0553153881463112e-05,0.32730897556230004,0.3516267821297178,0.02257219982320247,0.02488711476684307,0.0002633250276812034,2.3468451915283453e-10,1.4081071149170072e-10
0,9.087810986186101,6.260671749504541,7.337357582990839,4.148249208375776e-05,3.6873326296673563e-05,3.6873326296673563e-05,0.4519010504288829,0.48416060177268516,0.08461286535771825,0.053463062269032365,0.003841224387870422,1.9119968327544727e-10,1.6995527402261977e-10
0,7.759171277100454,5.531713879350506,6.336071576281611,1.6533161388454893e-05,8.266580694227446e-06,8.266580694227446e-06,0.6160200822800331,0.6089824665823476,0.009636132829206813,0.00414331442661931,0.00010788203529701014,4.555757091611595e-11,2.2778785458057976e-11
0,10.423017573873961,5.586597163768519,6.945498812899706,2.8939539514047253e-05,3.7621401368261426e-05,3.7621401368261426e-05,0.6191064627779643,0.6361431696898839,0.160755545363888,0.12974159059982832,0.016282070959270208,8.374969472851023e-11,1.0887460314706329e-10
0,8.464736181202444,5.96947214385706,6.740194069644221,2.3276180611523454e-05,1.4547612882202159e-05,1.7457135458642593e-05,0.47535779853883775,0.2835940750482253,0.05133162962776729,0.029426494665515328,0.003257689573392417,6.772257298253255e-11,5.0791929736899415e-11
0,9.613882780573222,6.393510670374009,7.2903710734105,1.7476101431292707e-05,1.310707607346953e-05,1.310707607346953e-05,0.20766414428269342,0.14519581971653764,0.24839353525278074,0.1648054004298627,0.06098232380009884,7.635353030920775e-11,5.726514773190581e-11
0,10.597647008142019,7.503763636479734,8.605299250862133,3.3521725430251344e-05,2.346520780117594e-05,2.346520780117594e-05,0.3140348760031376,0.2572289600890337,0.10826748750244293,0.06036783307813911,0.009148881166381774,1.1237060758211598e-10,7.865942530748118e-11
0,11.334901123320636,7.025535603758203,8.200142133712399,2.8547684148422582e-05,2.5375719243042294e-05,2.5375719243042294e-05,0.38815017350648034,0.34999460765966084,0.2241774805723712,0.1713960128225943,0.02816758544259317,9.055225224867755e-11,8.049089088771337e-11
0,7.2721723591816865,6.739013321424472,6.959217353143198,4.7532067169601205e-05,2.0370885929829087e-05,2.7161181239772118e-05,0.41331848522092224,0.42219679633867274,0.0323898020350767,0.016076574180131465,0.0010039798435551252,3.227567727736401e-10,1.844324415849372e-10
0,8.901456586968719,7.44596293989294,7.921208622559285,5.692370089441365e-05,6.403916350621535e-05,5.692370089441365e-05,0.5401205359366439,0.6587424131379902,0.09936374609082685,0.057799241306202474,0.006047752759207455,4.050384654395837e-10,4.050384654395837e-10
0,21.0963656697678,17.946145286608388,18.868519855132593,1.9254784814026286e-05,3.300820253833077e-05,3.0257518993469876e-05,0.4965258866828407,0.493405236201196,0.21436778429778164,0.24299349524746844,0.020170452266038467,5.296381974777961e-11,8.322885960365366e-11
0,25.764217599233564,21.470112574875376,22.950726850068197,4.146710621799258e-05,3.628371794074351e-05,3.628371794074351e-05,0.4207356264643072,0.31400447844747154,0.18974519815400875,0.16874578173032154,0.017027128401173864,2.1494011226178485e-10,1.8807259822906173e-10
0,25.312352461939962,20.76671309875593,21.969731338309224,4.1106307762926224e-05,3.4255256469105186e-05,3.4255256469105186e-05,0.5240985729260155,0.5619711844782582,0.22255831947109422,0.14760977394444783,0.04919187758654906,2.8162142298340144e-10,2.3468451915283453e-10
0,32.226805219240795,25.548331355923878,27.527658128586417,6.452832101917874e-05,7.374665259334713e-05,6.913748680626293e-05,0.4899174498407533,0.46724957249987326,0.3737695132991321,0.38120214467153796,0.014327443241709282,2.9742172953958465e-10,3.1866613879241207e-10
0,20.014429798831603,17.359299279899147,18.272441520859935,1.6533161388454893e-05,1.3777634490379077e-05,1.3777634490379077e-05,0.23070648954139766,0.1745516068855106,0.053138843843984596,0.02987534062677962,0.003313964386655518,4.555757091611595e-11,3.7964642430096626e-11
0,21.97284012436994,18.537770576461895,19.460266041703292,1.4469769757023627e-05,2.31516316112378e-05,2.31516316112378e-05,0.3567029761422436,0.3930698484725711,0.29330099163760026,0.24008215575364827,0.08913865541348398,4.1874847364255115e-11,6.699975578280818e-11
0,24.65577543454216,19.425444563625557,20.681557321932527,2.036665803508302e-05,2.3276180611523454e-05,2.3276180611523454e-05,0.29821733551741497,0.18208519664008332,0.3167428099523144,0.14661239276726507,0.07473050300241267,5.925725135971598e-11,6.772257298253255e-11
0,22.472478766289534,19.725832841070442,20.606788790017383,3.4952202862585413e-05,2.621415214693906e-05,2.1845126789115883e-05,0.4542082452246553,0.3967774068960696,0.22698257188858537,0.1508214942126467,0.04748980042020998,1.527070606184155e-10,9.544191288650969e-11
0,27.368486310115042,23.372709173710792,24.784008106087658,7.039562340352782e-05,6.033910577445242e-05,5.698693323142729e-05,0.5051020066104842,0.5163451933197906,0.28366767622810185,0.2691331953216453,0.03503236568580021,2.3597827592244355e-10,1.9103003288959716e-10
0,18.6845580078738,16.99498965699889,17.595174638625394,3.489161395918316e-05,2.8547684148422582e-05,2.8547684148422582e-05,0.43740127259232003,0.3842597585500314,0.04837062259741074,0.02615723436451132,0.0020663065403094174,1.106749749706059e-10,9.055225224867755e-11
0,30.398781116094955,26.394944242369526,27.909462810299143,9.506413433920241e-05,8.148354371931635e-05,7.469324840937332e-05,0.4983194019107891,0.5123821034976811,0.2603039805255326,0.22067209578763775,0.023868412102288687,6.455135455472802e-10,5.071892143585773e-10
0,29.432469559477262,24.50630680391885,25.808836036019347,4.9808238282611946e-05,4.9808238282611946e-05,4.9808238282611946e-05,0.4649883662186297,0.40290951266196573,0.34462025921942185,0.37379742956474304,0.04113198229203095,3.544086572596357e-10,3.544086572596357e-10
0,11.896380393161877,8.079311133644525,8.98878308592916,2.2005468358887183e-05,2.2005468358887183e-05,2.2005468358887183e-05,0.4380381024684634,0.5013505856205267,0.09603030457427125,0.05978235138603577,0.011551025162471223,6.053007971174812e-11,6.053007971174812e-11
0,10.74156066827187,6.694656317950825,7.8077118915432395,1.0366776554498145e-05,2.073355310899629e-05,1.5550164831747215e-05,0.04360784557649645,0.04360784557649645,0.2746808614830073,0.2746808614830073,0.01615202434550866,5.373502806544621e-11,8.060254209816931e-11
0,9.968461884702654,6.764617331332558,7.577881065364088,1.3702102587642075e-05,1.3702102587642075e-05,1.3702102587642075e-05,0.8549769462123963,0.8549769462123963,0.24143251307949765,0.24143251307949765,0.09235933443727697,9.387380766113381e-11,9.387380766113381e-11
0,12.996324344800515,9.3878758288215,10.651712597358546,5.9919155232094547e-05,5.530998944501035e-05,5.530998944501035e-05,0.4813213556478413,0.507418452334312,0.26353191828651934,0.22059145606679295,0.04430538535042398,2.761773202867572e-10,2.5493291103392966e-10
0,14.189190924326976,8.518105533857568,9.715196099098959,1.3777634490379077e-05,1.9288688286530708e-05,2.2044215184606524e-05,0.4286690529529604,0.41342410038935595,0.23474370558544133,0.11964044242093333,0.10321256465607415,3.7964642430096626e-11,6.074342788815461e-11
0,9.2208559826979,5.881868538479038,6.503600787061069,8.681861854214176e-06,5.78790790280945e-06,2.893953951404725e-06,0.5958332851007675,0.5958332851007675,0.22544582783139835,0.13443897011180345,0.06955214716875599,2.512490841855307e-11,8.374969472851023e-12
0,9.682769532212253,5.924463779991546,6.73953765045424,2.9095225764404317e-06,8.728567729321296e-06,5.8190451528808634e-06,0.0,0.0,0.5068928272708495,0.5068928272708495,0.0,8.465321622816569e-12,1.6930643245633137e-11
0,8.086682664837246,6.28842118081801,6.7685582937053175,1.310707607346953e-05,1.310707607346953e-05,8.738050715646353e-06,0.7655187780709879,0.7655209625836669,0.1180843985095158,0.12511176195701396,0.008123453129345653,5.726514773190581e-11,3.8176765154603874e-11
0,9.757935824588914,7.248012042296543,7.87535507703684,3.3521725430251344e-05,4.022607051630162e-05,3.6873897973276484e-05,0.4725390025275381,0.48949429125015925,0.12572346007986931,0.07944493521041276,0.013131574189603966,1.1237060758211598e-10,1.236076683403276e-10
0,11.557176421676472,8.462489583046164,9.67218314711271,3.489161395918316e-05,3.8063578864563445e-05,3.8063578864563445e-05,0.4471074852027837,0.32377038780442935,0.10157734194168339,0.05163937992237122,0.011657417206065557,1.106749749706059e-10,1.2073633633157007e-10
0,14.063348798542966,9.476651371095226,11.031018924701785,4.7532067169601205e-05,5.4322362479544237e-05,5.4322362479544237e-05,0.4003693920648609,0.4146290122157413,0.701955523051251,0.8245803445360231,0.0767937450406494,3.227567727736401e-10,3.688648831698744e-10
0,10.698629096222453,7.428583641212998,8.384868816911931,5.692370089441365e-05,4.9808238282611946e-05,4.9808238282611946e-05,0.4073744654508713,0.39299411551242003,0.07516896848616143,0.08217226591438777,0.0042771130608233385,4.050384654395837e-10,3.544086572596357e-10
0,15.391917488084028,13.39068368668381,14.1369397401813,4.676162026263526e-05,4.4010936717774365e-05,4.4010936717774365e-05,0.4198973444901058,0.42511264049116204,0.1408526248985595,0.14040899834602277,0.009500197472670462,1.2862641938746474e-10,1.2106015942349625e-10
0,15.890633782575437,13.929750446056639,14.645878993365889,4.146710621799258e-05,3.628371794074351e-05,3.628371794074351e-05,0.41481619705168876,0.38306276046526094,0.14687509272432833,0.15800472650768885,0.011596818313578101,2.1494011226178485e-10,1.8807259822906173e-10
0,15.713333415459948,14.692791590168644,15.214313344842848,6.851051293821037e-05,6.165946164438933e-05,5.48084103505683e-05,0.471708583682166,0.42134650562128756,0.13059535731199834,0.13399996817515397,0.0021147483614109746,4.693690383056691e-10,3.7549523064453525e-10
0,17.47465709635191,12.62898595687491,15.866321239676942,7.374665259334713e-05,6.452832101917874e-05,6.452832101917874e-05,0.4412999691185892,0.43281449490456725,0.13048427431382603,0.11502708082059065,0.005687291509080893,3.3991054804523954e-10,2.9742172953958465e-10
0,14.878328707402028,13.300699705098246,13.975972179562262,4.408843036921305e-05,4.1332903471137235e-05,4.1332903471137235e-05,0.4849865116958339,0.4563924090745012,0.11210220062926841,0.08614946325419165,0.007049729075076338,1.2148685577630922e-10,1.1389392729028989e-10
0,11.994606505031925,10.225797901892001,11.128745400667917,3.7621401368261426e-05,3.4727447416856705e-05,3.183349346545198e-05,0.3810961139986341,0.34609084700244247,0.08270271597692652,0.05182280471712988,0.006779059587463461,1.0887460314706329e-10,9.212466420136125e-11
0,13.528714940960146,11.137446755109096,12.19902429994571,3.4914270917285186e-05,2.6185703187963886e-05,2.6185703187963886e-05,0.5082092179494266,0.5322127792050603,0.0256108747316853,0.017404293527288808,0.000482100378611992,1.0158385947379883e-10,7.618789460534912e-11
0,14.925926023373444,12.239829510474973,13.400089809017901,2.1845126789115883e-05,2.1845126789115883e-05,2.1845126789115883e-05,0.24659216022089792,0.15683271875709967,0.12276846701537765,0.07154270654937422,0.01622822441460216,9.544191288650969e-11,9.544191288650969e-11
0,17.477057490307907,14.123647875459074,15.650490530658452,6.033910577445242e-05,5.3634760688402156e-05,5.3634760688402156e-05,0.45850010391734886,0.43841388603954223,0.22411794816265915,0.24411217487848202,0.017203555877127106,2.0226709364780876e-10,1.7979297213138558e-10
0,13.712893062061841,12.504005617453933,13.03269264828339,2.8547684148422582e-05,3.8063578864563445e-05,3.8063578864563445e-05,0.5190349613971871,0.5643893015967671,0.06745924828334579,0.03465741471919502,0.003964068381255174,9.055225224867755e-11,1.2073633633157007e-10
0,13.086250122396004,11.391871930641013,12.15596197643512,4.7532067169601205e-05,4.0741771859658174e-05,4.7532067169601205e-05,0.3592881054397056,0.37871174517379763,0.12109109126308303,0.1143251575347824,0.0075973446924737535,3.227567727736401e-10,3.227567727736401e-10
0,13.084280025870887,11.988542076748201,12.33996718444092,4.269277567081024e-05,4.9808238282611946e-05,4.269277567081024e-05,0.39519990892207857,0.32377489522481306,0.07233626901296554,0.06758884415868803,0.001970885013802657,3.037788490796878e-10,3.037788490796878e-10
0,18.005481942683055,15.888837017148532,16.74669459093163,1.1002734179443591e-05,1.375341772430449e-05,1.375341772430449e-05,0.19909172429348693,0.18679891953150357,0.13281336373877758,0.08566709241167561,0.01911021837090715,3.026503985587406e-11,3.783129981984258e-11
0,20.687333956520163,16.5840965858462,17.558031355536098,1.5550164831747215e-05,2.073355310899629e-05,2.073355310899629e-05,0.24500839708900915,0.24501098878314778,0.33845262002824816,0.13769404807961677,0.16083811428430783,8.060254209816931e-11,1.0747005613089243e-10
0,20.434437466091136,16.981403748040375,18.23677805410503,1.3702102587642075e-05,2.0553153881463112e-05,1.3702102587642075e-05,0.1293272952734597,0.1293272952734597,0.43931577103409497,0.43931577103409497,0.17774034821420145,9.387380766113381e-11,9.387380766113381e-11
0,30.694766192472724,24.996346628861474,28.525744160745663,7.374665259334713e-05,5.9919155232094547e-05,5.9919155232094547e-05,0.48615176139270555,0.47022709359832965,0.31225024472259,0.34329809916732523,0.022528013893450497,3.3991054804523954e-10,2.761773202867572e-10
0,15.123577144381118,14.223672335844197,14.646021256000683,1.9288688286530708e-05,2.479974208268234e-05,2.479974208268234e-05,0.19259755254100913,0.19858806801742596,0.036134266709715986,0.028580766417309004,0.0012010604031126343,5.315049940213528e-11,6.833635637417393e-11
0,28.414366135463684,20.929876732719134,22.66268270673885,8.681861854214176e-06,2.8939539514047253e-05,2.604558556264253e-05,0.2263129869077523,0.2263129869077523,0.39655843380287353,0.13229548211279626,0.2404454771276664,2.512490841855307e-11,7.537472525565921e-11
0,24.584368580765354,20.32731860276272,21.704523954065035,2.9095225764404318e-05,3.4914270917285186e-05,3.200474834084475e-05,0.27131007073049385,0.22128373955117706,0.12826331016429476,0.0744591751905297,0.015822132445396014,8.465321622816568e-11,9.311853785098226e-11
0,20.63265532766677,19.123480008508853,19.67403780326722,2.1845126789115883e-05,1.310707607346953e-05,8.738050715646353e-06,0.3016986770591217,0.3022120375386659,0.07540309924870597,0.03759217883946732,0.008204175608939124,9.544191288650969e-11,3.8176765154603874e-11
0,23.480814464519565,18.76013251664397,21.02000214208324,4.022607051630162e-05,3.6873897973276484e-05,3.6873897973276484e-05,0.3591986966753153,0.3541670856882345,0.3473789347203585,0.3116463699426991,0.05057108420307745,1.348447290985392e-10,1.236076683403276e-10
0,16.356788406470773,14.945252246010272,15.430001163666555,2.5375719243042294e-05,2.8547684148422582e-05,2.8547684148422582e-05,0.4411727388648172,0.3878361489808477,0.02124409279513445,0.01049864991553307,0.0005706052550470703,8.049089088771337e-11,9.055225224867755e-11
0,29.816504052509263,25.83293131513035,28.074049655028784,6.111265778948726e-05,5.4322362479544237e-05,4.7532067169601205e-05,0.4359844909655121,0.42280792291656766,0.358621708010894,0.392567041205677,0.062232247985622546,4.149729935661087e-10,3.227567727736401e-10
0,31.896023351243183,25.93185700687498,27.389059671856018,2.8461850447206826e-05,4.9808238282611946e-05,4.269277567081024e-05,0.4189726695081081,0.25036466745885483,0.4412917858245745,0.21411463167002645,0.2871652732699498,2.0251923271979185e-10,3.037788490796878e-10
0,9.275288928108688,5.607995165383661,6.590896701153554,2.2005468358887183e-05,3.0257518993469876e-05,3.300820253833077e-05,0.4518135256611268,0.4663673922969858,0.1678181198986658,0.10799631597318979,0.026228026776570153,6.053007971174812e-11,9.079511956762217e-11
0,6.159598939452598,5.585863718582585,5.800869458713508,1.5550164831747215e-05,5.1833882772490725e-06,5.1833882772490725e-06,0.5051160042296449,0.5051160042296449,0.0037309376198992935,0.0009827773189551104,2.401510357072248e-05,8.060254209816931e-11,2.6867514032723106e-11
0,6.803616212032331,5.921002503615918,6.165967043894461,2.740420517528415e-05,1.3702102587642075e-05,1.3702102587642075e-05,0.6824195172749259,0.6860231702554757,0.048834708672513945,0.03445691883952404,0.002424282416393643,1.8774761532226763e-10,9.387380766113381e-11
0,8.317932924093713,6.884995404561618,7.566999036516683,5.530998944501035e-05,4.148249208375776e-05,4.148249208375776e-05,0.5375301324213331,0.5124147880475113,0.0575397313906009,0.06170756175916649,0.0010404596830598909,2.5493291103392966e-10,1.9119968327544727e-10
0,11.34589481083965,4.880850588685732,6.1633083863172144,5.511053796151631e-06,1.3777634490379077e-05,1.3777634490379077e-05,0.051553152736100435,0.051553152736100435,0.6228633129793884,0.6228633129793884,0.5685444582502122,1.5185856972038653e-11,3.7964642430096626e-11
0,7.800347659651642,5.876078239841698,6.323627362893759,1.4469769757023627e-05,2.0257677659833077e-05,2.0257677659833077e-05,0.1606954750136016,0.1740568604072372,0.06798664888556538,0.03446675909266728,0.005643262722784796,4.1874847364255115e-11,5.862478630995716e-11
0,6.425494253457779,5.24347075053657,5.721734458415911,5.237140637592777e-05,2.9095225764404317e-06,2.9095225764404317e-06,0.4858204417237176,0.4932426338162171,0.0014788655749612513,0.0012593113903459194,6.448564875383215e-07,1.5237578921069824e-10,8.465321622816569e-12
0,5.81859758065394,5.283538352839422,5.503517062267136,1.7476101431292707e-05,8.738050715646353e-06,8.738050715646353e-06,0.4616792785865329,0.6250021845126789,0.0065410551342306176,0.006333825224914756,1.342158689990213e-05,7.635353030920775e-11,3.8176765154603874e-11
0,11.472563787423288,7.018891784397991,8.356918523625321,6.369127831747756e-05,5.0282588145377016e-05,5.0282588145377016e-05,0.4802489993764959,0.47231440696715543,0.2735279428041406,0.28444293382381614,0.030826327052921328,2.1350415440602036e-10,1.6855591137317396e-10
0,8.858054849327136,6.268975670600355,6.925018285782596,3.489161395918316e-05,3.171964905380287e-05,2.8547684148422582e-05,0.4454136559433106,0.45829500542406,0.2607889280240407,0.1389134656545547,0.05416984748173896,1.106749749706059e-10,9.055225224867755e-11
0,10.913483704742688,7.450130617050041,9.197698504504634,5.4322362479544237e-05,2.7161181239772118e-05,2.7161181239772118e-05,0.4802775872722705,0.49459152978563037,0.15190527944928367,0.11699172908259126,0.020048889413755572,3.688648831698744e-10,1.844324415849372e-10
0,6.0816157798414645,5.624600628413773,5.816940295029854,4.9808238282611946e-05,1.4230925223603413e-05,1.4230925223603413e-05,0.43520303972562774,0.4167028369349433,0.0017400635340324338,0.0009017708082996983,2.6164370793888266e-06,3.544086572596357e-10,1.0125961635989592e-10
0,3.4467863370547303,3.2439445249805425,3.298878577884502,4.4010936717774365e-05,3.5758886083191675e-05,3.5758886083191675e-05,0.5535172990488136,0.6203121475686708,0.002444392572706244,0.0018918179737564768,6.083782669458572e-06,1.2106015942349625e-10,9.836137953159071e-11
0,5.287105454692767,4.372631113697113,4.7114538073658006,1.5550164831747215e-05,1.0366776554498145e-05,1.0366776554498145e-05,0.10558043581928635,0.10558043581928635,0.022559182469068777,0.007341068183326049,0.0011947461232838829,8.060254209816931e-11,5.373502806544621e-11
0,5.024111600475406,4.516710653653374,4.757325643063962,3.4255256469105186e-05,2.740420517528415e-05,2.0553153881463112e-05,0.24473325431787507,0.2470215054500113,0.04366596751750922,0.049247019890996696,0.000989292452117136,2.3468451915283453e-10,1.4081071149170072e-10
0,6.4748716364300645,4.387445500562164,5.4387306287463675,6.452832101917874e-05,5.070082365792615e-05,4.609165787084196e-05,0.4945127881304763,0.49183486280818034,0.07399449109247469,0.060907016503711074,0.002497800620182365,2.9742172953958465e-10,2.1244409252827474e-10
0,3.6079200724340685,3.345361462193505,3.4270032856130594,2.479974208268234e-05,1.9288688286530708e-05,1.6533161388454893e-05,0.40216915077416526,0.4697512034763727,0.0024766501432093033,0.0019613040970055235,6.469892384483917e-06,6.833635637417393e-11,4.555757091611595e-11
0,4.656801079680733,4.17706127925541,4.382786820974191,3.183349346545198e-05,3.4727447416856705e-05,3.4727447416856705e-05,0.4137485964323336,0.3580385358908169,0.024261606781456817,0.012782755275260632,0.0005498611033559727,9.212466420136125e-11,1.0049963367421228e-10
0,4.504303910442273,3.9806806812680184,4.203599387195544,2.9095225764404318e-05,2.3276180611523454e-05,2.3276180611523454e-05,0.41970154117410874,0.3530996598768108,0.015715563601045583,0.011019599540770676,0.00014062070766533103,8.465321622816568e-11,6.772257298253255e-11
0,4.320052464050415,3.9624587226650627,4.085750102444416,4.369025357823177e-06,2.1845126789115883e-05,2.1845126789115883e-05,0.0,0.0,0.046891473098060125,0.046891473098060125,0.0,1.9088382577301937e-11,9.544191288650969e-11
0,6.176735286692757,4.6583323093052975,5.2901075413908645,4.693041560235188e-05,4.022607051630162e-05,4.022607051630162e-05,0.4583056779098534,0.4454299831720938,0.05909216643001851,0.046327482606144235,0.002030189781935921,1.5731885061496236e-10,1.348447290985392e-10
0,3.7187835708440193,3.484892052842322,3.5683195683157716,1.9031789432281723e-05,9.515894716140861e-06,6.343929810760574e-06,0.3705077047027552,0.19965933096916216,0.001800404829413124,0.0008690820701620988,5.888765523961694e-06,6.036816816578503e-11,2.0122722721928344e-11
0,6.322905921896966,3.8869732750280304,4.948746840948038,4.0741771859658174e-05,3.395147654971515e-05,3.395147654971515e-05,0.38167570907658777,0.3772280656485751,0.09281930624315245,0.09384879637223612,0.0016361036020582068,2.766486623774058e-10,2.3054055198117153e-10
0,4.476603416469419,3.9395420113326782,4.079209257232827,3.5577313059008535e-05,2.8461850447206826e-05,2.134638783540512e-05,0.4127395242601698,0.35583361202228564,0.012991774794782517,0.012839482416890343,9.17022108958787e-05,2.531490408997398e-10,1.518894245398439e-10
0,12.84943717473013,10.298590603980815,11.009547876965254,6.051503798693975e-05,5.7764354442078855e-05,5.7764354442078855e-05,0.47441864303279363,0.46371298267619504,0.13082356342288862,0.10347495960753,0.008526267135150783,1.6645771920730733e-10,1.5889145924333883e-10
0,10.53191401608437,8.788750556229799,9.346906424124008,5.1833882772490723e-05,4.146710621799258e-05,4.146710621799258e-05,0.4339066160767971,0.4877775704422467,0.06471189305000757,0.026484916828137747,0.0051852060497581285,2.6867514032723106e-10,2.1494011226178485e-10
0,12.746457280828482,10.119325364790145,10.956633025358869,6.165946164438933e-05,4.1106307762926224e-05,3.4255256469105186e-05,0.47546981084247375,0.47578838472763646,0.1308211721378756,0.13755448915654087,0.009714237363673122,4.224321344751021e-10,2.3468451915283453e-10
0,11.130445622187956,9.037696544854738,10.27769185390376,5.9919155232094547e-05,6.452832101917874e-05,6.452832101917874e-05,0.531174092800944,0.5527588161818593,0.16097525286928313,0.15101711478401522,0.006516468654097542,2.761773202867572e-10,2.9742172953958465e-10
0,13.96884831917663,10.656822523850794,11.858472915767251,3.5821849674985604e-05,3.8577376573061416e-05,3.8577376573061416e-05,0.34313474250978904,0.24098736039811852,0.15688796302138325,0.17481005578436537,0.012539507923393176,9.870807031825125e-11,1.0630099880427056e-10
0,9.368329956805155,7.827051872154883,8.249375193533215,5.498512507668978e-05,4.0515355319666154e-05,4.0515355319666154e-05,0.5040602173938208,0.5024150045724473,0.05911489896741437,0.04411525157876266,0.002483960224887241,1.5912441998416942e-10,1.1724957261991432e-10
0,10.639586945799511,7.342552228011107,8.220348610745733,4.655236122304691e-05,4.073331607016604e-05,3.7823793493725614e-05,0.33911358485186166,0.32419937212502803,0.09263737127926891,0.07415331157235605,0.004542922732073694,1.354451459650651e-10,1.1004918109661539e-10
0,9.649628362477651,7.798906752816868,8.422416877880764,3.9321228220408593e-05,4.369025357823177e-05,4.369025357823177e-05,0.405069817025218,0.3588105765365862,0.14246414407457098,0.13529532074037232,0.013166694766313113,1.7179544319571745e-10,1.9088382577301938e-10
0,12.716082221344248,9.711281533547607,11.071180054111668,6.704345086050269e-05,7.039562340352782e-05,7.039562340352782e-05,0.4587314038228176,0.4433315231601601,0.1445720119422326,0.1305618665661096,0.00938097742869247,2.2474121516423196e-10,2.3597827592244355e-10
0,12.78668287712127,10.457406740306284,11.277407966274145,4.4407508675324014e-05,5.075143848608459e-05,5.075143848608459e-05,0.4150357480444836,0.34289575020141977,0.11388885108347702,0.09058059606224549,0.00943323950096471,1.408590590534984e-10,1.6098178177542675e-10
0,11.543618450209353,8.912850263008309,9.581952601155256,6.111265778948726e-05,6.111265778948726e-05,5.4322362479544237e-05,0.5487916669495957,0.5678044938174361,0.163082266827584,0.10955687112477655,0.021676641231760545,4.149729935661087e-10,3.688648831698744e-10
0,10.716899743305326,8.301279628949512,9.227029705865252,6.403916350621535e-05,4.9808238282611946e-05,4.269277567081024e-05,0.45612961526693657,0.42341627590917824,0.09886046890232718,0.08371940321737861,0.0048324903662403775,4.5566827361953157e-10,3.037788490796878e-10
0,9.748073540628647,8.084771107126766,8.363044061223263,3.0257518993469876e-05,2.750683544860898e-05,2.750683544860898e-05,0.5281807529170999,0.588818196321786,0.015558390790480998,0.008754191819730861,0.00020937390187800612,8.322885960365366e-11,7.566259963968515e-11
0,15.096478641696383,11.456934989591995,12.351122760539523,2.5916941386245362e-05,3.110032966349443e-05,3.110032966349443e-05,0.48096141485766414,0.5171544235035558,0.15848905164848798,0.11876345953220162,0.034418430310828904,1.3433757016361553e-10,1.6120508419633862e-10
0,17.89500575143465,12.160338057261034,13.400781214778402,2.740420517528415e-05,4.795735905674726e-05,4.1106307762926224e-05,0.35145208032172537,0.30196693682645603,0.21706406745931195,0.13050813494200517,0.057313746211701995,1.8774761532226763e-10,2.8162142298340144e-10
0,16.447382662826346,10.824236190154505,13.308413136712336,6.913748680626293e-05,5.9919155232094547e-05,5.530998944501035e-05,0.5089809595361335,0.5147101526094792,0.4618130766272998,0.47446150322698283,0.06585172156467997,3.1866613879241207e-10,2.5493291103392966e-10
0,9.646135600303973,8.147533656777416,8.700347579691151,2.7555268980758155e-05,3.031079587883397e-05,3.031079587883397e-05,0.33810590592080064,0.23468547038221912,0.09623683134895318,0.06966403806247765,0.0073813664726163075,7.592928486019325e-11,8.352221334621258e-11
0,10.770884642647417,9.122741607562535,9.74181966853938,1.4469769757023627e-05,1.15758158056189e-05,1.15758158056189e-05,0.3486635720652413,0.20913737020616527,0.02285262319675174,0.0219611629756108,0.00027814645875855356,4.1874847364255115e-11,3.349987789140409e-11
0,11.54391331757666,9.921502626885072,10.692983850862262,2.6185703187963886e-05,2.3276180611523454e-05,2.3276180611523454e-05,0.42826717563914934,0.31103232770534683,0.031223528740410945,0.01648540300676927,0.0012227790196243417,7.618789460534912e-11,6.772257298253255e-11
0,10.681886411047872,9.34325382579789,9.733088000066875,2.621415214693906e-05,2.621415214693906e-05,3.058317750476224e-05,0.5305132730990371,0.6331809999825239,0.05024745036054001,0.034889928688756164,0.003037684851799294,1.1453029546381162e-10,1.336186780411136e-10
0,15.419677634104351,10.703419280737661,12.00038718181231,5.698693323142729e-05,6.704345086050269e-05,6.369127831747756e-05,0.43056980228886343,0.3782189236844399,0.3109232968087362,0.1982736112474101,0.0895494456100037,1.9103003288959716e-10,2.1350415440602036e-10
0,11.387159073132581,8.385098926777085,9.076477527057467,1.9031789432281723e-05,2.2203754337662007e-05,2.2203754337662007e-05,0.3253865039237206,0.2604912739245453,0.16479963751715088,0.0993714823835349,0.0419696429136626,6.036816816578503e-11,7.04295295267492e-11
0,12.312460270694098,8.825957591272362,10.351261495720273,6.111265778948726e-05,6.111265778948726e-05,5.4322362479544237e-05,0.5480379441701919,0.5638559370947043,0.33923320097101545,0.4055990175794091,0.04121568407959079,4.149729935661087e-10,3.688648831698744e-10
0,10.946709672606081,8.659433083031466,9.095284199057126,2.134638783540512e-05,3.5577313059008535e-05,3.5577313059008535e-05,0.21761219305673157,0.21761219305673157,0.3009393454755796,0.25766380806479794,0.05101555335568537,1.518894245398439e-10,2.531490408997398e-10
0,10.76753583232652,7.527905374841445,8.301096912973875,8.252050634582693e-06,8.252050634582693e-06,1.1002734179443591e-05,0.30968020553107445,0.30968020553107445,0.23091484755843733,0.07255243083938966,0.07996656589345444,2.2698779891905543e-11,3.026503985587406e-11
0,11.563911095058415,9.272349165274578,9.955245880078492,5.1833882772490725e-06,5.1833882772490725e-06,5.1833882772490725e-06,0.0,0.0,0.32338934795260105,0.32338934795260105,0.0,2.6867514032723106e-11,2.6867514032723106e-11
0,14.70834898349132,9.481225648992364,10.466895476420621,6.851051293821037e-06,2.0553153881463112e-05,1.3702102587642075e-05,0.0,0.0,1.1190399000933353,1.1190399000933353,0.0,4.6936903830566906e-11,9.387380766113381e-11
0,14.868814537003905,11.22414671270637,12.404197471061565,6.452832101917874e-05,6.452832101917874e-05,5.9919155232094547e-05,0.5028000682156536,0.5118432514899128,0.34497925067591945,0.3428452617581832,0.0607234541698222,2.9742172953958465e-10,2.761773202867572e-10
0,10.280974278991062,7.830517946471338,8.518175770672398,8.266580694227446e-06,8.266580694227446e-06,8.266580694227446e-06,0.11564119733154775,0.11564257509499679,0.28020868137291144,0.3449157166918244,0.046783320657025784,2.2778785458057976e-11,2.2778785458057976e-11
0,13.905979891485163,10.233687407677895,11.14560989571457,1.15758158056189e-05,1.15758158056189e-05,1.15758158056189e-05,0.33243717225971503,0.27152522949054836,0.16751559730218402,0.08626108993204924,0.040695141935013876,3.349987789140409e-11,3.349987789140409e-11
0,12.758464691986799,9.580403353421222,10.580672391827026,8.728567729321296e-06,8.728567729321296e-06,5.8190451528808634e-06,0.12179552457237292,0.12179552457237292,0.10357250147403406,0.13557665028255358,0.006170082836973105,2.5395964868449707e-11,1.6930643245633137e-11
0,11.104614903974362,9.355612993173054,10.03968061759922,1.7476101431292707e-05,4.369025357823177e-06,4.369025357823177e-06,0.6218477482043305,0.5281015711015187,0.011446466849054445,0.004809773761517993,0.0002021752923515913,7.635353030920775e-11,1.9088382577301937e-11
0,11.442177208015677,8.782940701312645,9.702785395340253,2.011303525815081e-05,2.011303525815081e-05,2.346520780117594e-05,0.2792493815241658,0.3149500191073835,0.3066234317063147,0.3334676899004736,0.0502302294508902,6.74223645492696e-11,7.865942530748118e-11
0,9.670349183175677,7.589200301792618,8.281748937446395,9.515894716140861e-06,9.515894716140861e-06,9.515894716140861e-06,0.08078043024531976,0.08078043024531976,0.14562400052196284,0.19059683703050678,0.009812676615523368,3.018408408289252e-11,3.018408408289252e-11
0,17.838969252154072,12.118218146489532,13.511219734087444,6.79029530994303e-05,6.111265778948726e-05,5.4322362479544237e-05,0.5225947076438354,0.5388710455017689,0.48862956309261885,0.5190350494091249,0.1040548044865199,4.6108110396234306e-10,3.688648831698744e-10
0,17.68177518896866,11.765413179805126,13.57949985421299,7.115462611801707e-05,7.115462611801707e-05,7.115462611801707e-05,0.40098478002547333,0.3614726161421385,0.2130579803043403,0.22118995086060228,0.027989249542828918,5.062980817994796e-10,5.062980817994796e-10
0,8.857871325308592,8.202812636986355,8.398487921616175,1.375341772430449e-05,2.750683544860898e-05,2.750683544860898e-05,0.26380980673697413,0.2677061499782696,0.04303245755062867,0.028929238318936706,0.001761797851569616,3.783129981984258e-11,7.566259963968515e-11
0,7.611581324910493,7.170748921003897,7.312007860490317,4.146710621799258e-05,1.0366776554498145e-05,1.0366776554498145e-05,0.5514347618751425,0.49571852128299226,0.0013214994318001033,0.000886064451889626,1.0456245035331122e-06,2.1494011226178485e-10,5.373502806544621e-11
0,7.896614995320084,7.430609108140606,7.608772689846775,4.1106307762926224e-05,6.851051293821037e-06,6.851051293821037e-06,0.43501435295246055,0.39951220514787994,0.0030446613640462148,0.0016099683411974035,1.597899795114378e-05,2.8162142298340144e-10,4.6936903830566906e-11
0,15.500310750578835,10.232912565740198,12.818460977249766,7.835581838043132e-05,6.913748680626293e-05,6.913748680626293e-05,0.4929041892707839,0.5141317023032002,0.18937440312057,0.1444818830750229,0.020676268362219745,3.61154957298067e-10,3.1866613879241207e-10
0,9.220773965019237,7.831685210303796,8.247518628470884,1.9288688286530708e-05,1.1022107592303262e-05,1.1022107592303262e-05,0.41878773349646053,0.39568952927334,0.06817144760680968,0.10020167762431845,0.00395436853908077,5.315049940213528e-11,3.0371713944077306e-11
0,10.37276431553086,9.228913015264864,9.537241476179112,2.604558556264253e-05,2.8939539514047253e-05,2.8939539514047253e-05,0.34998321506708185,0.36074148888142893,0.052331559439858545,0.03829112017327742,0.0017266489445217916,7.537472525565921e-11,8.374969472851023e-11
0,10.199351608418478,8.487904507320941,8.955992775425203,1.4547612882202159e-05,1.7457135458642593e-05,1.7457135458642593e-05,0.14095182121565672,0.14163701378240845,0.11676311316827241,0.14096038775420985,0.0037637404082930866,4.232660811408284e-11,5.0791929736899415e-11
0,9.119764392401184,8.566539626854206,8.804001406143515,4.369025357823177e-05,2.1845126789115883e-05,2.621415214693906e-05,0.4923279914716625,0.5114293703360654,0.005513048456186802,0.004351951764570233,1.7965173332460277e-05,1.9088382577301938e-10,1.1453029546381162e-10
0,8.410121361839508,7.235457659146921,7.581255496093945,3.016955288722621e-05,3.3521725430251344e-05,3.3521725430251344e-05,0.27783141253846616,0.2925558304337041,0.05197685191531726,0.033494940247480974,0.001892764189604378,1.0113354682390438e-10,1.1237060758211598e-10
0,8.693614018518607,7.946918827529106,8.291662325759912,2.5375719243042294e-05,1.9031789432281723e-05,1.9031789432281723e-05,0.43798491413491003,0.42558887528468387,0.006790480495961718,0.004984113185500103,2.7577548106889506e-05,8.049089088771337e-11,6.036816816578503e-11
0,13.996294227843743,10.923411774564412,11.667639509356158,6.79029530994303e-05,4.7532067169601205e-05,4.0741771859658174e-05,0.5157500899714128,0.5126129735382192,0.1858839964671197,0.16058415453544783,0.022827689709784924,4.6108110396234306e-10,2.766486623774058e-10
0,10.725411419983114,9.790737574566377,10.06415980409509,1.4230925223603413e-05,2.134638783540512e-05,1.4230925223603413e-05,0.1476458491948854,0.1476458491948854,0.0833030584884398,0.0833030584884398,0.009044465900021994,1.0125961635989592e-10,1.0125961635989592e-10
0,9.472997966661556,7.328412114348854,8.09795918497888,1.1002734179443591e-05,1.1002734179443591e-05,1.1002734179443591e-05,0.6198307779483202,0.8972839750678043,0.025812372986036544,0.020766953485261037,0.0006104007168741317,3.026503985587406e-11,3.026503985587406e-11
0,7.846538449428928,6.532026794399916,6.906441799909943,1.5550164831747215e-05,2.5916941386245362e-05,2.5916941386245362e-05,0.3490701001430615,0.34907269183720013,0.0757145649296817,0.08363508556261864,0.0037734589915084807,8.060254209816931e-11,1.3433757016361553e-10
0,7.409972944343025,6.686650226456444,6.8563583709680955,1.3702102587642075e-05,2.0553153881463112e-05,2.740420517528415e-05,0.15645060734569718,0.15645060734569718,0.11152512401436591,0.11152512401436591,0.009013698816955134,9.387380766113381e-11,1.8774761532226763e-10
0,10.227064022668436,7.990160961109304,9.539514779340521,7.374665259334713e-05,6.913748680626293e-05,6.452832101917874e-05,0.5006014961352145,0.5265510995164985,0.11766628666247098,0.12022661233400596,0.006075829294396146,3.3991054804523954e-10,2.9742172953958465e-10
0,9.504059242544077,7.1335268942272725,7.912120128800214,5.511053796151631e-06,1.3777634490379077e-05,1.3777634490379077e-05,0.054093748536126335,0.054093748536126335,0.2171874557323526,0.2171874557323526,0.029983498054452364,1.5185856972038653e-11,3.7964642430096626e-11
0,7.552408254288866,6.039931555495408,6.413632332961672,2.893953951404725e-06,8.681861854214176e-06,5.78790790280945e-06,0.0,0.0,0.16653255730722652,0.16653255730722652,0.0,8.374969472851023e-12,1.6749938945702046e-11
0,6.832665177149639,5.7529532605122,6.117140620859628,2.9095225764404317e-06,2.9095225764404317e-06,2.9095225764404317e-06,0.0,0.0,0.07358068663942241,0.07358068663942241,0.0,8.465321622816569e-12,8.465321622816569e-12
0,6.773069795811135,5.902385015340124,6.17875315036719,2.621415214693906e-05,8.738050715646353e-06,8.738050715646353e-06,0.45959962251620906,0.45225965991506617,0.004732443148825335,0.0023659841535655386,3.326519604427675e-05,1.1453029546381162e-10,3.8176765154603874e-11
0,7.655449430444613,6.901923047360686,7.0887456245860045,5.0282588145377016e-05,4.693041560235188e-05,4.693041560235188e-05,0.49504213680886583,0.45993148159322056,0.05178072551805707,0.04557825798657285,0.0016371763522789711,1.6855591137317396e-10,1.5731885061496236e-10
0,10.169534422702029,7.897151133080579,8.774825616053748,1.9031789432281723e-05,6.343929810760574e-06,6.343929810760574e-06,0.26736809383940974,0.1918023738985352,0.016317264321762417,0.006420202210572106,0.0004415712443637404,6.036816816578503e-11,2.0122722721928344e-11
0,11.179980046711961,7.974630964187991,9.280296657856216,5.4322362479544237e-05,5.4322362479544237e-05,5.4322362479544237e-05,0.3888530512191975,0.405835579789365,0.21692484538138815,0.24315927859060327,0.013005266859144389,3.688648831698744e-10,3.688648831698744e-10
0,7.992051965193405,6.986322880963915,7.2058777410580905,2.8461850447206826e-05,2.8461850447206826e-05,2.8461850447206826e-05,0.5235913162894286,0.41688072350023836,0.09755934988930631,0.05958839709181013,0.011636613298713476,2.0251923271979185e-10,2.0251923271979185e-10
0,22.613993973765925,17.945412062459862,19.271907022749446,2.2005468358887183e-05,2.750683544860898e-05,2.750683544860898e-05,0.6081211180978473,0.5566998399102177,0.3236667239276788,0.37691385898179264,0.04362750148913467,6.053007971174812e-11,7.566259963968515e-11
0,20.21561842402169,18.413268417912054,19.081598369495026,4.146710621799258e-05,3.628371794074351e-05,3.628371794074351e-05,0.6189017436918165,0.6607887043602663,0.19079794501884587,0.16550021026647413,0.025657640228553557,2.1494011226178485e-10,1.8807259822906173e-10
0,20.564096670834395,18.457512785690362,18.977078668136553,2.740420517528415e-05,4.1106307762926224e-05,4.1106307762926224e-05,0.3660242664236827,0.26661551215033946,0.18985920501342887,0.14924841903828515,0.031233697961828583,1.8774761532226763e-10,2.8162142298340144e-10
0,21.052671756671245,16.306793863111736,18.414760552511076,5.070082365792615e-05,5.530998944501035e-05,5.530998944501035e-05,0.45937711733553344,0.46982379159195975,0.40858771975218167,0.3897128676592102,0.060970355959527225,2.336885017811022e-10,2.5493291103392966e-10
0,22.092706082990897,18.610187023966905,19.52591568798114,2.479974208268234e-05,3.8577376573061416e-05,3.8577376573061416e-05,0.4009787631541965,0.3966277861821348,0.336373860696029,0.15428907280238363,0.11323285640681945,6.833635637417393e-11,1.0630099880427056e-10
0,17.77396172386246,16.428977900769855,17.00481976326436,3.183349346545198e-05,3.183349346545198e-05,3.183349346545198e-05,0.48569518561820646,0.4514061722249876,0.07572988654062217,0.050236898298117706,0.004747543371732427,9.212466420136125e-11,9.212466420136125e-11
0,23.975082417892246,17.607461901718416,18.472964870348594,3.4914270917285186e-05,3.4914270917285186e-05,3.200474834084475e-05,0.5700016584278685,0.6414449852923634,0.24865214597937366,0.13719235130521912,0.0496672198487527,1.0158385947379883e-10,9.311853785098226e-11
0,20.11438205461082,18.016747187455984,18.66550286549109,3.058317750476224e-05,2.621415214693906e-05,2.621415214693906e-05,0.5307055102147813,0.6203994162982122,0.11862906540380169,0.05365557192312801,0.013907824959851612,1.336186780411136e-10,1.1453029546381162e-10
0,24.552779367049986,19.738042623955884,21.108134052212996,5.3634760688402156e-05,5.0282588145377016e-05,5.0282588145377016e-05,0.48853892207539706,0.4976400705297103,0.39030578335388144,0.35193653649474055,0.08297206653789366,1.7979297213138558e-10,1.6855591137317396e-10
0,21.354685103500525,16.723518091074812,17.949019707102828,1.9031789432281723e-05,3.489161395918316e-05,3.489161395918316e-05,0.5688950777448598,0.5672646877834944,0.18708217204942726,0.0863990102244975,0.04026213342418986,6.036816816578503e-11,1.106749749706059e-10
0,22.601656537191538,16.96824010028049,18.933598428683155,4.0741771859658174e-05,6.111265778948726e-05,6.111265778948726e-05,0.3586158662040212,0.3512076540208734,0.6034570289512029,0.4869091240202827,0.17180426594069245,2.766486623774058e-10,4.149729935661087e-10
0,16.94698476225249,15.811350206154616,16.11461563754347,3.5577313059008535e-05,2.134638783540512e-05,1.4230925223603413e-05,0.6123994051473256,0.6094215840442866,0.04529095855912509,0.02608248930098702,0.0019824289855160824,2.531490408997398e-10,1.0125961635989592e-10
0,11.311988490442072,10.172540157848381,10.538053465340834,3.850956962805257e-05,4.126025317291347e-05,4.126025317291347e-05,0.5520539354029477,0.5788730999653414,0.05857908630159287,0.04127142556996099,0.001989135292293351,1.0592763949555922e-10,1.1349389945952773e-10
0,11.144564088319845,10.378581148977975,10.68163495275291,4.665049449524165e-05,3.110032966349443e-05,3.628371794074351e-05,0.47971221828284716,0.45195258236403973,0.021127252909674016,0.018176117547516385,0.00025411110005299373,2.4180762629450797e-10,1.8807259822906173e-10
0,12.279813551843727,11.010496174988441,11.548088058221914,4.795735905674726e-05,5.48084103505683e-05,5.48084103505683e-05,0.426039475757555,0.3063550351801484,0.052097880142986774,0.06358929525268744,0.001885833934640055,3.2855832681396834e-10,3.7549523064453525e-10
0,15.417610543190182,13.26969279169448,14.064885497676606,5.9919155232094547e-05,6.913748680626293e-05,6.913748680626293e-05,0.44111560248710585,0.408249945842302,0.14858227033417348,0.1327940299258426,0.00908658839926069,2.761773202867572e-10,3.1866613879241207e-10
0,9.74299121661077,8.89336199711058,9.251482128796109,2.7555268980758155e-05,3.3066322776909786e-05,3.031079587883397e-05,0.3539612076923289,0.36875563160809793,0.029321390462264705,0.026001882409504563,0.0005459868919987284,7.592928486019325e-11,8.352221334621258e-11
0,10.053295995765,8.968687660256315,9.303760235554329,4.919721717388033e-05,4.919721717388033e-05,4.919721717388033e-05,0.4368510308263975,0.4557109287277021,0.021363999255633565,0.019544736364928466,0.0002735638775552527,1.4237448103846738e-10,1.4237448103846738e-10
0,9.157029321335537,8.390569481576406,8.72290928836219,2.6185703187963886e-05,2.6185703187963886e-05,2.3276180611523454e-05,0.42152290230696043,0.36132633496169614,0.017083019416685,0.009276305787604714,0.00022171745037698806,7.618789460534912e-11,6.772257298253255e-11
0,9.043489307635701,8.234843874705357,8.529708968080188,2.621415214693906e-05,1.310707607346953e-05,1.7476101431292707e-05,0.496985372503102,0.6026589888327711,0.010563309321823582,0.0026216836440054927,0.0001675931128210497,1.1453029546381162e-10,7.635353030920775e-11
0,15.15197735296369,11.997475113551344,12.975889887172476,5.698693323142729e-05,6.033910577445242e-05,6.369127831747756e-05,0.45864759950924194,0.46747889807384163,0.1557517584424911,0.14137062344463694,0.012505710598086408,1.9103003288959716e-10,2.1350415440602036e-10
0,10.636131080008802,9.481177580202095,9.880063485995949,2.5375719243042294e-05,2.8547684148422582e-05,2.5375719243042294e-05,0.42616300093255766,0.32201153326439597,0.047191288027094214,0.043276743564419295,0.001295692905763565,8.049089088771337e-11,8.049089088771337e-11
0,14.339102222946462,12.387699640424806,13.187955434206403,6.111265778948726e-05,5.4322362479544237e-05,5.4322362479544237e-05,0.4724212155986664,0.5075440180893467,0.08653154687349238,0.08108662671241083,0.003457364866605674,4.149729935661087e-10,3.688648831698744e-10
0,13.26694805501429,11.71607340750133,12.376772970315947,7.827008872981877e-05,6.403916350621535e-05,5.692370089441365e-05,0.4867474508855193,0.45415507439216163,0.09230823465913744,0.09549742289745887,0.002281321169504387,5.569278899794276e-10,4.050384654395837e-10
0,16.87964172114033,12.797993117112426,13.745961688553942,1.9254784814026286e-05,3.850956962805257e-05,4.126025317291347e-05,0.3874750375468304,0.4048291000313578,0.2993315129112248,0.22062896152933406,0.051971705641382676,5.296381974777961e-11,1.1349389945952773e-10
0,14.152256459113268,12.507663502211166,13.035046260395847,4.146710621799258e-05,3.110032966349443e-05,3.110032966349443e-05,0.3686995915490038,0.28350023843586075,0.03789580967169135,0.014645767396523762,0.0020754413788773803,2.1494011226178485e-10,1.6120508419633862e-10
0,14.720095973650688,12.725433081421928,13.169648221728693,2.740420517528415e-05,4.795735905674726e-05,4.1106307762926224e-05,0.49380322410473887,0.45745839699101826,0.12316352523865197,0.06549092873962238,0.015631506832032523,1.8774761532226763e-10,2.8162142298340144e-10
0,19.325958352313485,14.732530000113288,17.375120177448796,7.835581838043132e-05,6.452832101917874e-05,5.9919155232094547e-05,0.4455634474716421,0.41160311395240573,0.21411187359185477,0.22499297464243193,0.010188223340419283,3.61154957298067e-10,2.761773202867572e-10
0,14.265408842374365,12.878300019173007,13.38649174190027,4.1332903471137235e-05,3.3066322776909786e-05,3.3066322776909786e-05,0.4732755223790117,0.48993819353167617,0.05670375507246982,0.034465204040594985,0.0016236867216292644,1.1389392729028989e-10,9.11151418322319e-11
0,14.728374817790604,11.77241489521367,12.894346643026836,2.8939539514047253e-05,2.8939539514047253e-05,2.8939539514047253e-05,0.3916127426580388,0.2677167860904997,0.13992414273823334,0.07842742831407354,0.01598476513303849,8.374969472851023e-11,8.374969472851023e-11
0,16.192429238059677,10.851728899770231,12.921992683133581,2.3276180611523454e-05,1.7457135458642593e-05,1.4547612882202159e-05,0.7453062127035575,0.7374097684310982,0.19600139937662156,0.171191413889073,0.04252096254921211,6.772257298253255e-11,4.232660811408284e-11
0,16.841104651976476,10.709448142704588,12.807618484115778,2.1845126789115883e-05,2.1845126789115883e-05,1.7476101431292707e-05,0.3902282378846927,0.35127837681969903,0.23462080443630656,0.08164909142804785,0.06905700967643481,9.544191288650969e-11,7.635353030920775e-11
0,15.452814764372087,12.840435895689827,14.093831337703687,5.0282588145377016e-05,5.3634760688402156e-05,5.3634760688402156e-05,0.459452120919568,0.46376804306871283,0.18008073553562973,0.16087609864500996,0.013754654443711687,1.6855591137317396e-10,1.7979297213138558e-10
0,14.13531997544709,13.09890647407151,13.391753455152013,4.1235543769943726e-05,3.8063578864563445e-05,3.8063578864563445e-05,0.4913976311766087,0.48750563023770704,0.06574429763917053,0.031229773493136857,0.004562333964569025,1.3079769769253423e-10,1.2073633633157007e-10
0,19.01031226092833,13.32771847827677,16.785746825283823,7.469324840937332e-05,5.4322362479544237e-05,5.4322362479544237e-05,0.4519281043532583,0.4457014035540406,0.3389061476101845,0.2551002888444249,0.039489352857826086,5.071892143585773e-10,3.688648831698744e-10
0,15.271755231901475,12.91588282139797,13.303442634346267,2.134638783540512e-05,2.134638783540512e-05,2.134638783540512e-05,0.3301432342623756,0.33014679199368147,0.2421979156597727,0.08343538190924873,0.08509107791763747,1.518894245398439e-10,1.518894245398439e-10
0,9.086665715220782,7.912232133581796,8.216022527418996,3.5758886083191675e-05,1.6504101269165386e-05,1.6504101269165386e-05,0.4771253156409368,0.5079756069383242,0.003069106652112108,0.0027387330207712525,4.3331427159166626e-06,9.836137953159071e-11,4.5397559783811086e-11
0,8.621704584392957,8.22269860181861,8.39901913241426,3.628371794074351e-05,5.1833882772490725e-06,5.1833882772490725e-06,0.6189587609628662,0.6808872924052995,0.001536611471853994,0.0006618114293853102,6.061106983756171e-06,1.8807259822906173e-10,2.6867514032723106e-11
0,8.700748759953683,8.308676581602837,8.461631676233148,5.48084103505683e-05,1.3702102587642075e-05,1.3702102587642075e-05,0.4611922199461507,0.5154319930393318,0.0013508026948064642,0.0008808656285233438,1.282402542848847e-06,3.7549523064453525e-10,9.387380766113381e-11
0,12.892663370064854,9.624227493883605,11.13361568564108,4.148249208375776e-05,3.6873326296673563e-05,3.6873326296673563e-05,0.39101397038150065,0.38880157080370026,0.08565717025862005,0.07624095264445101,0.004162877363517276,1.9119968327544727e-10,1.6995527402261977e-10
0,9.087545391336567,7.8381008464948945,8.164700634077064,4.959948416536468e-05,5.511053796151631e-06,5.511053796151631e-06,0.479064884391869,0.47710846029423515,0.0011360638829230217,0.000884184432102196,6.16650573888088e-07,1.3667271274834786e-10,1.5185856972038653e-11
0,11.328336414120571,9.233741645864642,9.76666216349934,8.681861854214176e-06,8.681861854214176e-06,8.681861854214176e-06,0.06831757093081135,0.06831757093081135,0.07667338502385118,0.03883476884790328,0.0058090202573008,2.512490841855307e-11,2.512490841855307e-11
0,12.136294542880453,9.950122171164391,10.74628094812887,5.237140637592777e-05,4.655236122304691e-05,4.655236122304691e-05,0.4145255005106212,0.3879353736845321,0.11582319292277062,0.08403361881915086,0.008534332793937036,1.5237578921069824e-10,1.354451459650651e-10
0,11.083662532753364,9.717394054778884,10.12781275227472,3.4952202862585413e-05,1.7476101431292707e-05,1.7476101431292707e-05,0.47765243529473445,0.4220871707939393,0.016397514389086463,0.011046821654519926,0.00023527130859503373,1.527070606184155e-10,7.635353030920775e-11
0,9.273891099863686,8.582669523740794,8.77923265278145,4.022607051630162e-05,2.6817380344201078e-05,2.6817380344201078e-05,0.41196859684761694,0.4061190557600381,0.010453039029165244,0.007607695970242509,8.680181446777356e-05,1.348447290985392e-10,8.989648606569279e-11
0,8.847318398246484,7.962678574603729,8.207266227863023,6.026733320222545e-05,9.515894716140861e-06,9.515894716140861e-06,0.47337769854914324,0.47400891956531394,0.0014380636964884503,0.0011786863794243018,9.020685180486946e-07,1.9116586585831927e-10,3.018408408289252e-11
0,9.319095133755287,8.68362419444158,8.820597259384366,3.395147654971515e-05,2.0370885929829087e-05,2.0370885929829087e-05,0.7298548913892265,0.7338102384072683,0.018710426041338803,0.006741159786835899,0.0005170544216911813,2.3054055198117153e-10,1.383243311887029e-10
0,10.898414975041604,9.082527145903622,9.647223126837437,7.115462611801706e-06,1.4230925223603413e-05,2.134638783540512e-05,0.0,0.0,0.10772646029016833,0.10772646029016833,0.0,5.062980817994796e-11,1.518894245398439e-10
0,15.330413112141597,12.4606910296683,13.333063078316076,3.300820253833077e-05,3.0257518993469876e-05,3.0257518993469876e-05,0.4994773701264764,0.533935182892949,0.16706311096710294,0.13921920041173277,0.02005135265678076,9.079511956762217e-11,8.322885960365366e-11
0,13.740434150998338,11.628336558179996,12.248825886661232,6.738404760423794e-05,4.146710621799258e-05,3.628371794074351e-05,0.4751923037050859,0.4791031701602704,0.0763614067467089,0.06240729678745912,0.0031573944177198388,3.492776824254004e-10,1.8807259822906173e-10
0,13.193967237379754,11.482724860134176,11.937785262543965,5.48084103505683e-05,5.48084103505683e-05,4.795735905674726e-05,0.43896740954899527,0.413865157608435,0.09527846610894226,0.08131733350541628,0.00828188678805286,3.7549523064453525e-10,3.2855832681396834e-10
0,16.91398444854609,13.04189861695213,14.524650016803912,6.452832101917874e-05,6.452832101917874e-05,5.9919155232094547e-05,0.552634368705608,0.5915910379380436,0.19234040022097168,0.17941083677784464,0.009575083533882159,2.9742172953958465e-10,2.761773202867572e-10
0,16.781901731186956,12.154651371711118,13.34283187677338,3.031079587883397e-05,4.1332903471137235e-05,3.8577376573061416e-05,0.354327692769773,0.25684128440619775,0.23572444653755606,0.17965512495452088,0.025278904793707015,8.352221334621258e-11,1.0630099880427056e-10
0,13.66987201580505,10.136345490481911,11.207512633753714,2.0257677659833077e-05,2.31516316112378e-05,2.31516316112378e-05,0.31445414240568603,0.22547084630789355,0.16026074933627166,0.11394437292205464,0.013582391546933614,5.862478630995716e-11,6.699975578280818e-11
0,11.842660195619693,9.525057920500867,10.399608711635166,2.9095225764404318e-05,2.3276180611523454e-05,2.036665803508302e-05,0.3300416934585204,0.2475101760552111,0.07389090469446646,0.06477515154211692,0.002249913689225145,8.465321622816568e-11,5.925725135971598e-11
0,13.624683834743236,10.139815123267303,11.069396042286302,2.621415214693906e-05,2.621415214693906e-05,2.1845126789115883e-05,0.31327659425735305,0.2212867653483861,0.14809947981004454,0.05492398302273152,0.029556019691103344,1.1453029546381162e-10,9.544191288650969e-11
0,14.324482804518597,11.336464067054543,12.105979231290865,5.3634760688402156e-05,5.0282588145377016e-05,4.693041560235188e-05,0.5136936248382576,0.48199212909886896,0.09134200289258393,0.07333524419229129,0.005214216918294213,1.7979297213138558e-10,1.5731885061496236e-10
0,15.176677737809525,12.082556168777185,12.892914499020776,3.8063578864563445e-05,4.75794735807043e-05,4.75794735807043e-05,0.38957755771390146,0.3259669735014052,0.13740714899412348,0.11068862201995473,0.008184534366631151,1.2073633633157007e-10,1.5092042041446259e-10
0,15.966089195110333,13.87990017934251,14.665317638333656,6.111265778948726e-05,4.7532067169601205e-05,4.7532067169601205e-05,0.49982684746959644,0.5063489261147968,0.23785630434320057,0.24859936571747898,0.030326501189840847,4.149729935661087e-10,3.227567727736401e-10
0,17.11574859314167,13.171072390303294,14.888547872939998,5.692370089441365e-05,4.9808238282611946e-05,4.269277567081024e-05,0.48307587217782966,0.38923715125338876,0.2317967230314406,0.20878509362206132,0.029415345803655273,4.050384654395837e-10,3.037788490796878e-10
0,6.632341415963405,3.932985014993682,5.061034777738488,1.9254784814026286e-05,2.2005468358887183e-05,2.2005468358887183e-05,0.30058094436467464,0.3065870618848784,0.159544676983583,0.0768390566127907,0.02614601248900433,5.296381974777961e-11,6.053007971174812e-11
0,3.4810626976533974,3.0720178720523394,3.23320012648881,2.5916941386245362e-05,2.5916941386245362e-05,2.5916941386245362e-05,0.5680475213037258,0.5468889303559951,0.024905880591904617,0.01233262027825585,0.0010221492714266693,1.3433757016361553e-10,1.3433757016361553e-10
0,5.457216578613102,4.105457460478516,4.677991233824701,1.3702102587642075e-05,3.4255256469105186e-05,2.740420517528415e-05,0.3070778210916465,0.3070778210916465,0.16204994059926597,0.16204994059926597,0.03291504141989674,9.387380766113381e-11,1.8774761532226763e-10
0,16.999959760777198,8.125258824804618,14.391974320408893,5.9919155232094547e-05,5.070082365792615e-05,4.609165787084196e-05,0.5089164312151144,0.5347024092109569,0.28979280270434965,0.32266643775401593,0.028878105372413056,2.761773202867572e-10,2.1244409252827474e-10
0,9.923212037871052,4.388741802316857,6.756982826312876,1.3777634490379077e-05,1.6533161388454893e-05,1.6533161388454893e-05,0.11887894143678683,0.11549790993284781,0.21410525470773384,0.2426281016054175,0.015380485364295761,3.7964642430096626e-11,4.555757091611595e-11
0,2.2302190757816724,2.1385197414758172,2.1880392004820055,4.919721717388033e-05,2.8939539514047253e-05,2.604558556264253e-05,0.4771030363364858,0.48680646393554583,0.0005328015850578671,0.0003929699017257284,3.943104635258883e-07,1.4237448103846738e-10,7.537472525565921e-11
0,2.529817468739876,2.3216567779422856,2.4141332013525254,7.564758698745123e-05,0.0,0.0,0.46909650595433794,0.45403390757610584,0.00028971966626520335,0.00030120005570515875,3.1696348200496814e-08,2.2009836219323078e-10,0.0
0,2.6207571785875454,2.5155717535416926,2.5707152682696237,6.116635500952448e-05,1.310707607346953e-05,1.7476101431292707e-05,0.4934071407350448,0.5111366456370913,0.0011086988011768815,0.0007353016688899187,1.3150415182839987e-06,2.672373560822272e-10,7.635353030920775e-11
0,16.860448991094152,4.093605481848181,11.244774882768326,5.698693323142729e-05,6.033910577445242e-05,6.033910577445242e-05,0.3862071508544688,0.4214284277640339,0.30273814243825065,0.27880980672137934,0.03921984141084132,1.9103003288959716e-10,2.0226709364780876e-10
0,9.318332192188732,6.412706085703625,7.410467071795179,1.9031789432281723e-05,1.5859824526901435e-05,1.2687859621521147e-05,0.32236679333379853,0.23373574994766258,0.044278740962345575,0.02211315034105176,0.0025793991386434344,6.036816816578503e-11,4.024544544385669e-11
0,18.067807349883548,6.423404654429735,13.084164824903052,4.7532067169601205e-05,6.111265778948726e-05,5.4322362479544237e-05,0.5038331217024629,0.5018571457672694,0.5597870105537407,0.5997139049706814,0.0618478732877358,3.227567727736401e-10,3.688648831698744e-10
0,17.70890914651145,12.756902099615292,14.489002321767304,7.115462611801707e-05,7.115462611801707e-05,6.403916350621535e-05,0.4505653235045076,0.45691943161684656,0.29495326463897414,0.2962926166509121,0.011795827173148815,5.062980817994796e-10,4.5566827361953157e-10
0,5.9889824972393,5.728320666715723,5.858209891197832,3.850956962805257e-05,3.300820253833077e-05,3.0257518993469876e-05,0.5136984040534073,0.5366115979820986,0.010543307580670857,0.006245302597817193,5.362290235254753e-05,1.0592763949555922e-10,8.322885960365366e-11
0,7.4578184834718995,6.5124235349378194,6.931957095868968,3.628371794074351e-05,2.073355310899629e-05,2.073355310899629e-05,0.42542140946694035,0.31872913686218407,0.017563957912146013,0.010910280710570309,0.00033231938922471,1.8807259822906173e-10,1.0747005613089243e-10
0,8.018054555572311,7.167292931014362,7.381978012995903,2.0553153881463112e-05,4.795735905674726e-05,4.795735905674726e-05,0.392887238546755,0.3928906640724019,0.061033747469168474,0.025705296247089605,0.004432457138092904,1.4081071149170072e-10,3.2855832681396834e-10
0,8.22733146919857,7.332049526299335,7.646410090664269,6.452832101917874e-05,5.530998944501035e-05,5.070082365792615e-05,0.5135394244995598,0.5094464852806291,0.08359203629988557,0.07952902840463007,0.0041143640720756125,2.9742172953958465e-10,2.336885017811022e-10
0,7.487796221811545,6.470998463444978,6.804826792792556,1.9288688286530708e-05,2.7555268980758155e-05,2.7555268980758155e-05,0.2894598340621702,0.2672144654140041,0.04629643362938804,0.031776304322503585,0.0016555195623216795,5.315049940213528e-11,7.592928486019325e-11
0,7.363595360883185,6.56130495254877,6.889442086664225,1.7363723708428353e-05,1.4469769757023627e-05,1.4469769757023627e-05,0.4444302962251265,0.3479342956694873,0.011531104985154986,0.009419956614680449,0.0001356435547085916,5.024981683710614e-11,4.1874847364255115e-11
0,9.00274500302807,6.989363091540527,7.699880724878511,4.364283864660648e-05,3.7823793493725614e-05,3.7823793493725614e-05,0.6021053305363123,0.6375200393367453,0.10804005294864608,0.09312105823377732,0.00517556594537021,1.2697982434224852e-10,1.1004918109661539e-10
0,8.069858515015058,6.847693643073085,7.489720948590134,5.242830429387812e-05,5.67973296517013e-05,5.242830429387812e-05,0.4106141102042956,0.421056080809493,0.09421745995384206,0.08053520967764705,0.004798443695434676,2.2906059092762324e-10,2.2906059092762324e-10
0,8.352950180307369,7.155117552022727,7.566580617631977,2.6817380344201078e-05,3.6873897973276484e-05,3.3521725430251344e-05,0.30914405626286395,0.3396756437847369,0.09148421652978217,0.06578986860242964,0.004652234793496265,8.989648606569279e-11,1.1237060758211598e-10
0,6.911911384804827,6.312431951537814,6.4543894867801255,9.515894716140861e-06,1.9031789432281723e-05,1.5859824526901435e-05,0.08981418629584283,0.08981418629584283,0.02613839214644298,0.032277762358486534,0.0003406841042504527,3.018408408289252e-11,5.0306806804820864e-11
0,8.321266598832443,7.121683219259408,7.6108322477427635,3.395147654971515e-05,4.0741771859658174e-05,4.0741771859658174e-05,0.4784034657667262,0.4988320692066898,0.08512375595393414,0.06876492876106088,0.005408851411375926,2.3054055198117153e-10,2.766486623774058e-10
0,9.736683303750066,7.670587158131169,8.316735163795016,5.692370089441365e-05,5.692370089441365e-05,5.692370089441365e-05,0.47727677014921127,0.45176783668590215,0.20943352711602944,0.1754609830956343,0.023752817260660506,4.050384654395837e-10,4.050384654395837e-10
0,14.833686351453029,9.992173911913941,11.65567009491948,3.0257518993469876e-05,3.0257518993469876e-05,3.0257518993469876e-05,0.31639187338053504,0.28445231139938276,0.15921159542730795,0.13497197801277738,0.010660510347045545,8.322885960365366e-11,8.322885960365366e-11
0,10.218345979352952,8.621164982893992,9.38155637097712,2.5916941386245362e-05,2.073355310899629e-05,2.073355310899629e-05,0.3821401173519106,0.3177546598660613,0.03508038186372423,0.012818338638853677,0.0014978501158677908,1.3433757016361553e-10,1.0747005613089243e-10
0,12.716508470196064,10.12719357971288,11.147432792160131,4.1106307762926224e-05,2.740420517528415e-05,2.0553153881463112e-05,0.5131574440097832,0.5831820392839281,0.18541280357858134,0.19265228519074595,0.02674611485076768,2.8162142298340144e-10,1.4081071149170072e-10
0,19.460575183303554,10.101530318464762,14.761942334261844,5.530998944501035e-05,4.609165787084196e-05,4.609165787084196e-05,0.47159601583709365,0.4735226471360948,0.6578020358682011,0.6601722693839542,0.12745441250491302,2.5493291103392966e-10,2.1244409252827474e-10
0,16.33045563424164,8.845173880758725,10.732120738468835,2.479974208268234e-05,1.9288688286530708e-05,1.9288688286530708e-05,0.3888076008453957,0.4084572631555743,0.2320520477556755,0.19583420409446883,0.04623105533958285,6.833635637417393e-11,5.315049940213528e-11
0,10.580339788452784,6.23865224386337,7.75194567069128,5.78790790280945e-06,2.893953951404725e-06,2.893953951404725e-06,0.041270677300982786,0.041270677300982786,0.10665857080348196,0.10665857080348196,0.00910058378341429,1.6749938945702046e-11,8.374969472851023e-12
0,11.061025328088808,6.27027657101932,7.893588259436324,3.7823793493725614e-05,2.9095225764404317e-06,5.8190451528808634e-06,0.3617525800191447,0.32102944727799615,0.009546745502314068,0.005953708334683571,0.0001089305716894852,1.1004918109661539e-10,1.6930643245633137e-11
0,13.572760642709346,8.246570547337969,10.086286646283273,4.369025357823177e-06,8.738050715646353e-06,8.738050715646353e-06,0.0,0.0,0.57220252236663,0.57220252236663,0.0,1.9088382577301937e-11,3.8176765154603874e-11
0,18.528812849298777,10.758677571537076,12.959985053789033,5.3634760688402156e-05,5.0282588145377016e-05,4.693041560235188e-05,0.4400598027581676,0.4487352252995166,0.40148539126980853,0.3509167035083497,0.0976291435150819,1.7979297213138558e-10,1.5731885061496236e-10
0,15.680849914658438,9.156821046922985,10.777862327029789,1.9031789432281723e-05,2.2203754337662007e-05,1.9031789432281723e-05,0.5268475109591387,0.4213955376797711,0.19805545845696154,0.12653601906468837,0.03979739020540108,6.036816816578503e-11,6.036816816578503e-11
0,17.228145562225322,9.276134009336106,11.825909928276639,4.0741771859658174e-05,4.0741771859658174e-05,4.0741771859658174e-05,0.4757552505958484,0.47371137170755556,0.7812869283322399,0.8102929111218153,0.29465709096743586,2.766486623774058e-10,2.766486623774058e-10
0,11.53901086144052,9.285077388944657,10.151820599593997,4.269277567081024e-05,2.8461850447206826e-05,2.8461850447206826e-05,0.5217484114729719,0.5720974249140808,0.05157756786790141,0.05886411444076402,0.0011653868407810678,3.037788490796878e-10,2.0251923271979185e-10
0,10.983480803909284,7.07133821574249,7.863638758198548,2.4756151903748083e-05,4.4010936717774365e-05,4.4010936717774365e-05,0.4506252303697469,0.4442216390773107,0.23133056398598065,0.16628873918860054,0.025887134279837756,6.809633967571665e-11,1.2106015942349625e-10
0,8.395364909446393,7.7763376877039985,8.002406021616046,4.665049449524165e-05,4.146710621799258e-05,4.665049449524165e-05,0.45930521863531754,0.46818177106010656,0.046558049316166576,0.03620323376302455,0.0020434324724584773,2.4180762629450797e-10,2.4180762629450797e-10
0,10.134116833195929,7.764591492047692,8.994771181633894,6.851051293821037e-05,6.851051293821037e-05,6.165946164438933e-05,0.4835197961127135,0.5058405212279824,0.1399122201197315,0.13204520220493593,0.011287444412695653,4.693690383056691e-10,4.224321344751021e-10
0,16.729733992524746,12.789141998995111,14.648345989063689,5.9919155232094547e-05,5.9919155232094547e-05,5.9919155232094547e-05,0.5054042468853562,0.5389082729916712,0.3621958522526371,0.29352520754450506,0.037341045332503764,2.761773202867572e-10,2.761773202867572e-10
0,11.276019600973962,7.570972752036644,8.326765901978716,3.8577376573061416e-05,4.408843036921305e-05,4.408843036921305e-05,0.49227763586814255,0.5018944247424271,0.07044248599097495,0.04188954229155045,0.00422351588277647,1.0630099880427056e-10,1.2148685577630922e-10
0,11.97397465059688,9.746688226845688,10.611568055789087,4.0515355319666154e-05,4.0515355319666154e-05,4.340930927107088e-05,0.4577569541713452,0.4506986004838691,0.17159956573319832,0.10184307409216731,0.025863298344646887,1.1724957261991432e-10,1.2562454209276536e-10
0,14.627793945524898,10.684067291405256,11.726779321469593,3.7823793493725614e-05,4.946188379948734e-05,4.946188379948734e-05,0.27289285101207744,0.24238214251423484,0.15216861271035306,0.09124036518397055,0.03323812932968898,1.1004918109661539e-10,1.4391046758788167e-10
0,10.059945637799206,8.862555214913428,9.294369149223074,3.9321228220408593e-05,3.9321228220408593e-05,3.9321228220408593e-05,0.6325474913056396,0.6441712832701281,0.0752147222410602,0.05160573847836249,0.004331708567256689,1.7179544319571745e-10,1.7179544319571745e-10
0,10.29992502732525,7.477679355632897,8.811463257907041,5.3634760688402156e-05,5.698693323142729e-05,5.698693323142729e-05,0.3654940767111165,0.3638950904080935,0.1619284636645961,0.1412609433672019,0.014005520363854454,1.7979297213138558e-10,1.9103003288959716e-10
0,8.284986001852635,6.972205028208015,7.518692098513096,2.8547684148422582e-05,2.5375719243042294e-05,2.2203754337662007e-05,0.4131135373118232,0.3795795243321428,0.048963826540584385,0.046529173050639,0.0012234519700792684,9.055225224867755e-11,7.04295295267492e-11
0,19.993558289756262,15.918076927427771,17.780683605987402,6.79029530994303e-05,6.79029530994303e-05,6.111265778948726e-05,0.4942588053154432,0.5187989325655773,0.4481577155356889,0.42622965027019566,0.044930376648669494,4.6108110396234306e-10,4.149729935661087e-10
0,17.609004306138,14.365969602476039,15.829662860811974,7.115462611801707e-05,5.692370089441365e-05,4.9808238282611946e-05,0.45721116558393043,0.4645400920740862,0.2612964055541343,0.27442681788142564,0.0323408297545456,5.062980817994796e-10,3.544086572596357e-10
0,11.639658150169756,10.710999334447731,11.129063107151842,5.501367089721796e-05,8.252050634582693e-06,8.252050634582693e-06,0.45432765042112966,0.43565601051861386,0.0019611575488602557,0.0014375808583696249,2.07669862803822e-06,1.513251992793703e-10,2.2698779891905543e-11
0,15.835921329824481,12.938931499057821,13.39523706287794,3.628371794074351e-05,3.628371794074351e-05,3.628371794074351e-05,0.45606560096203685,0.4608861520598785,0.048498237138287506,0.039866891662017664,0.0017854401394356012,1.8807259822906173e-10,1.8807259822906173e-10
0,11.891177686060958,11.40299556543201,11.584841268174253,3.4255256469105186e-05,2.0553153881463112e-05,2.0553153881463112e-05,0.43948123839603187,0.4431602529408138,0.015786136032774914,0.0058728691659559506,0.00038800743124705884,2.3468451915283453e-10,1.4081071149170072e-10
0,18.290406034444285,11.950159563199726,15.776579752399307,6.452832101917874e-05,4.148249208375776e-05,4.148249208375776e-05,0.428970450638139,0.4200240598454086,0.07347129063554733,0.05894269566971507,0.0021051894608242264,2.9742172953958465e-10,1.9119968327544727e-10
0,12.578825189691715,10.935419918686854,11.345282833123155,3.8577376573061416e-05,2.479974208268234e-05,2.479974208268234e-05,0.4320666176182879,0.4512202850868129,0.010623270054363745,0.008536591042533341,5.286277577757928e-05,1.0630099880427056e-10,6.833635637417393e-11
0,14.329448959576679,12.871465706126273,13.194763913382266,2.604558556264253e-05,3.4727447416856705e-05,3.4727447416856705e-05,0.40693044092282404,0.4297463738756989,0.053096166403460376,0.03832096536575173,0.002258726079252203,7.537472525565921e-11,1.0049963367421228e-10
0,15.957915530724474,12.932985388670552,14.146114222942986,4.364283864660648e-05,3.200474834084475e-05,3.200474834084475e-05,0.4553111879871632,0.44891314784157066,0.04095372507946355,0.024575254314804982,0.0019506383776404623,1.2697982434224852e-10,9.311853785098226e-11
0,15.881929322260682,13.867888752577178,14.41029066456351,3.9321228220408593e-05,3.058317750476224e-05,2.621415214693906e-05,0.3557173065832474,0.33796377204173295,0.065486571654415,0.039248813372083,0.004068468739366021,1.7179544319571745e-10,1.1453029546381162e-10
0,22.006753200289097,12.773989953953132,18.157660214444086,5.0282588145377016e-05,3.3521725430251344e-05,3.3521725430251344e-05,0.4054050430083737,0.3821191764382496,0.2117521165089595,0.17267267495960437,0.014697908382083472,1.6855591137317396e-10,1.1237060758211598e-10
0,12.381566731692285,10.802553002819817,11.421539048141783,4.4407508675324014e-05,3.171964905380287e-05,3.489161395918316e-05,0.5323635579295951,0.5620848690930084,0.02251378397890941,0.019324582147275286,0.00024086313460310269,1.408590590534984e-10,1.106749749706059e-10
0,12.691834543021525,11.46742080089087,11.815905140204823,4.0741771859658174e-05,3.395147654971515e-05,4.0741771859658174e-05,0.6404267021572768,0.6313141258513333,0.034241365655969705,0.027009458300988314,0.0007695463713284939,2.766486623774058e-10,2.766486623774058e-10
0,11.992310154618767,11.309876415399398,11.546383075586636,4.269277567081024e-05,0.0,0.0,0.48320395050484205,0.5184468368210959,0.0014324984571222538,0.0010362390157705012,9.838106064771378e-07,3.037788490796878e-10,0.0
