ibi,bpm,sdsd,rmssd,pnn50,pnn20,pnn50pnn20,lf,hf,vlf,flf,Vhf,fvlf,maxSig,minSig,meanSig,sdSig,varSig
763.8231579,78.55952204,469.0716506,102262.9258,0.478902954,0.481012658,0.995614035,1.19E-09,2.23E-06,4.40E-11,7.78E-09,1.21E-07,2.45E-09,0.919643098,-0.741816124,9.40E-07,0.085416778,0.007296026
794.1735537,75.57380108,468.7900591,127299.2267,0.477178423,0.477178423,1,1.06E-10,1.28E-07,2.95E-12,1.14E-08,4.27E-08,3.67E-09,0.452852538,-0.38680876,4.33E-07,0.081376539,0.006622141
781.6612903,76.86879552,492.5614716,130746.3059,0.459459459,0.459459459,1,2.68E-09,6.23E-08,8.18E-10,1.52E-09,1.34E-08,3.76E-10,0.398468013,-0.311828733,9.03E-06,0.082256166,0.006766077
720.92,83.24153411,419.7978843,163218.7363,0.424749164,0.43812709,0.969465649,1.35E-08,1.35E-07,4.15E-09,1.32E-07,3.96E-07,4.29E-08,0.405026418,-0.33081728,-1.61E-05,0.082063701,0.006734451
779.4172043,77.04453207,502.9144611,121215.41,0.480603448,0.487068966,0.986725664,7.95E-10,1.14E-07,2.69E-10,8.64E-09,4.08E-08,2.82E-09,0.390093332,-0.30337526,3.10E-06,0.080664003,0.006506681
764.6075388,78.48403116,492.4841785,107366.4534,0.493333333,0.493333333,1,6.49E-08,2.89E-07,2.15E-08,2.87E-09,9.12E-09,9.91E-10,0.41884709,-0.322879936,2.87E-05,0.078586813,0.006175887
745.276087,80.47739446,441.7788596,115634.0685,0.479302832,0.479302832,1,2.94E-08,1.75E-07,9.56E-09,3.51E-09,1.82E-08,1.19E-09,0.4403518,-0.321923881,-1.92E-05,0.083303468,0.006939468
757.8770764,79.16673948,383.3499043,137526.4927,0.476666667,0.486666667,0.979452055,2.46E-09,8.93E-08,6.85E-10,1.92E-10,1.23E-08,3.09E-11,0.357305596,-0.274164416,-6.51E-06,0.08258905,0.006820951
765.2005141,78.44083751,450.2004223,143662.9239,0.43556701,0.443298969,0.98255814,1.73E-08,2.30E-07,5.27E-09,6.99E-08,2.02E-07,2.26E-08,0.432836943,-0.318349188,-1.54E-05,0.080023343,0.006403735
791.4332494,75.74652194,522.0886031,117570.7226,0.477272727,0.477272727,1,4.76E-08,2.33E-07,1.64E-08,3.43E-09,2.36E-08,1.09E-09,0.439093225,-0.340873682,2.61E-05,0.079961745,0.006393881
760.4611399,79.03903741,456.1144733,140982.5478,0.442708333,0.442708333,1,6.46E-09,1.80E-07,1.87E-09,4.70E-08,1.54E-07,1.42E-08,0.450139017,-0.324321058,-1.36E-05,0.081550868,0.006650544
794.1079545,75.56621294,506.8962086,77849.26191,0.497142857,0.497142857,1,1.03E-09,1.21E-07,8.36E-11,2.35E-07,6.34E-07,7.72E-08,0.389383924,-0.299382595,-2.69E-06,0.084857147,0.007200735
730.4768612,82.19042432,309.5740537,121098.8202,0.413306452,0.481854839,0.857740586,4.68E-08,3.62E-07,1.53E-08,5.34E-08,1.79E-07,1.79E-08,0.412286158,-0.377256526,-2.33E-05,0.09517554,0.009058384
1142.482143,52.55955713,374.358399,220286.4892,0.275449102,0.335329341,0.821428571,4.80E-09,2.83E-07,1.02E-09,9.79E-08,3.07E-07,3.22E-08,0.389334551,-0.372207163,-8.41E-06,0.096787932,0.009367904
848.7134503,70.70284935,387.3282677,166505.7217,0.370588235,0.4,0.926470588,8.63E-08,2.96E-07,2.76E-08,7.39E-09,1.16E-07,1.53E-09,0.384403937,-0.368753934,5.26E-05,0.095123964,0.009048569
739.7465753,81.02913454,396.5042782,159161.2329,0.419243986,0.494845361,0.847222222,8.18E-08,8.76E-07,2.41E-08,4.66E-08,2.05E-07,1.49E-08,0.440402883,-0.374736508,3.87E-05,0.098505063,0.009703247
655.0307971,91.42838248,258.1665917,115234.6352,0.355716878,0.499092559,0.712727273,4.60E-07,1.53E-06,1.63E-07,2.70E-08,1.10E-07,9.29E-09,0.416544707,-0.375880811,7.63E-05,0.095965278,0.009209335
930.7810811,64.41941496,333.0243096,166662.7877,0.319783198,0.420054201,0.761290323,7.07E-08,4.32E-07,2.25E-08,1.84E-09,1.12E-08,5.07E-10,0.44541909,-0.362904297,-2.94E-05,0.098804602,0.009762349
1182.613793,50.80026418,286.3677137,156905.6622,0.252595156,0.346020761,0.73,8.49E-10,1.21E-07,1.48E-10,7.27E-09,3.68E-08,2.29E-09,0.439520448,-0.367291076,-2.33E-06,0.099521719,0.009904573
1037.490909,57.93327624,315.6515893,148198.3684,0.264840183,0.351598174,0.753246753,1.20E-07,5.42E-07,3.69E-08,9.01E-08,2.62E-07,2.83E-08,0.451141314,-0.381913338,4.80E-05,0.10239224,0.010484171
745.5438596,80.45214103,337.7291313,111231.5191,0.427135678,0.484924623,0.880829016,7.75E-10,1.78E-07,2.18E-10,1.03E-08,7.41E-08,2.90E-09,0.412106083,-0.3799006,-3.15E-06,0.096821249,0.009374354
621.0098814,96.49117242,247.275555,114081.4326,0.382178218,0.516831683,0.739463602,2.76E-08,3.09E-07,8.37E-09,1.16E-09,8.61E-09,5.02E-10,0.434655067,-0.391450514,-1.86E-05,0.098939753,0.009789075
746.377551,80.26129056,443.4781329,158756.6826,0.441025641,0.497435897,0.886597938,9.59E-09,7.30E-08,2.85E-09,1.08E-07,3.61E-07,3.27E-08,0.464194137,-0.378197489,1.69E-05,0.100906454,0.010182112
605.987013,99.04723956,210.9958242,102315.1895,0.32173913,0.495652174,0.649122807,1.19E-06,3.53E-06,3.90E-07,1.03E-07,4.38E-07,3.24E-08,0.425825264,-0.38477835,0.000197341,0.099993551,0.00999871
849.6487119,70.63755343,468.9710796,92083.3543,0.478873239,0.483568075,0.990291262,1.30E-08,3.46E-08,4.44E-09,6.28E-08,1.65E-07,2.15E-08,0.492099404,-0.365843684,1.26E-05,0.092368165,0.008531878
844.4801762,70.90875163,493.8379853,38458.12069,0.5,0.5,1,6.56E-09,1.46E-08,2.17E-09,1.55E-10,1.70E-09,5.36E-11,0.417124156,-0.31886873,1.25E-05,0.084101515,0.007073065
813.8547486,73.99135397,448.16403,53835.33382,0.5,0.5,1,5.03E-08,1.10E-07,1.58E-08,5.21E-09,3.53E-08,1.42E-09,0.414405,-0.316681482,3.98E-05,0.082703156,0.006839812
869.6330645,68.86093686,530.4827654,86555.98198,0.48582996,0.48582996,1,2.26E-09,3.74E-07,4.48E-10,2.48E-08,8.08E-08,8.02E-09,0.458995251,-0.368184834,-5.25E-06,0.089310141,0.007976301
829.3340961,72.41524688,473.1390803,117484.2757,0.470183486,0.470183486,1,3.59E-09,1.84E-08,1.24E-09,2.19E-09,1.36E-08,7.70E-10,0.472329225,-0.344184226,6.65E-06,0.091891651,0.008444076
822.9522673,72.92763958,468.0735206,126169.6052,0.488038278,0.488038278,1,1.60E-07,3.79E-07,5.48E-08,7.12E-12,5.28E-10,2.03E-12,0.517126254,-0.350083575,4.59E-05,0.089667399,0.008040242
833.43309,71.92339809,480.7202148,58416.40993,0.497560976,0.497560976,1,1.12E-09,4.64E-09,3.63E-10,6.27E-09,1.39E-08,2.10E-09,0.440696337,-0.334534003,3.73E-06,0.085959561,0.007389046
831.2335766,72.0889184,476.2551161,62237.85397,0.501831502,0.501831502,1,5.66E-08,1.13E-07,1.83E-08,7.76E-09,2.37E-08,2.39E-09,0.470521487,-0.356258272,-3.38E-05,0.086951574,0.007560576
854.3390805,70.19449305,493.5154241,70517.7029,0.492795389,0.492795389,1,2.86E-09,3.18E-08,6.33E-10,1.47E-09,5.43E-09,4.59E-10,0.43883934,-0.332795492,-5.29E-06,0.087559512,0.007666668
818.875,73.27238931,447.5948878,107990.2379,0.477806789,0.485639687,0.983870968,2.96E-09,7.57E-08,1.56E-10,8.64E-09,3.44E-08,2.98E-09,0.466282041,-0.358669446,2.09E-06,0.092641904,0.008582522
797.2554348,75.37227794,435.0487943,120383.4228,0.448087432,0.453551913,0.987951807,9.70E-08,2.11E-07,3.04E-08,1.76E-07,4.97E-07,5.37E-08,0.490130144,-0.341027822,5.52E-05,0.092682745,0.008590091
790.180791,75.99314069,440.3677569,137880.5654,0.4375,0.4375,1,1.21E-09,3.91E-08,2.38E-11,3.59E-11,2.10E-09,4.97E-12,0.470417338,-0.346305144,-3.91E-07,0.091394048,0.008352872
751.9233954,79.87985014,368.6265978,129213.7482,0.43153527,0.46473029,0.928571429,2.32E-07,8.89E-07,8.15E-08,1.20E-09,1.83E-08,3.78E-10,0.537260964,-0.450431008,5.40E-05,0.106160514,0.011270055
700.729927,85.52590657,284.8541558,118122.7535,0.373626374,0.395604396,0.944444444,4.50E-10,2.73E-07,8.72E-11,8.01E-08,2.30E-07,2.65E-08,0.552221299,-0.421412411,2.49E-06,0.104969534,0.011018603
784.4162162,76.45773244,422.5661136,134009.4334,0.451086957,0.467391304,0.965116279,1.02E-08,2.21E-07,2.19E-09,2.14E-07,5.77E-07,6.63E-08,0.571919631,-0.419928444,1.46E-05,0.115932531,0.013440352
739.6027397,81.02913454,281.5211793,94199.98337,0.412371134,0.4604811,0.895522388,6.18E-09,2.46E-07,1.96E-09,3.36E-08,9.92E-08,1.10E-08,0.596172618,-0.431684486,1.10E-05,0.117758032,0.013866954
750.4223602,80.02050112,366.2979924,126019.4622,0.423236515,0.437759336,0.966824645,6.30E-09,1.59E-07,2.08E-09,3.21E-10,8.08E-09,1.15E-10,0.52846552,-0.417211569,8.60E-06,0.102494491,0.010505121
763.5221239,78.6576684,388.8875024,133107.7486,0.414634146,0.436807095,0.949238579,6.96E-08,3.34E-07,2.33E-08,6.29E-09,2.07E-08,2.12E-09,0.534368881,-0.421794981,-3.00E-05,0.10368653,0.010750896
774.0993228,77.50968144,398.9503592,142608.1949,0.42760181,0.450226244,0.949748744,1.40E-08,4.85E-07,4.08E-09,1.96E-08,6.37E-08,6.56E-09,0.52403644,-0.430545089,1.25E-05,0.099485499,0.009897365
747.3344262,80.21530557,391.4767122,140650.6904,0.424342105,0.4375,0.969924812,1.82E-08,1.16E-07,5.33E-09,1.24E-10,1.34E-08,3.73E-12,0.482942973,-0.417413204,1.82E-05,0.095988987,0.009213886
738.9354839,81.25666244,336.9442859,121389.189,0.407960199,0.432835821,0.942528736,5.66E-10,1.11E-07,1.64E-10,4.70E-08,1.40E-07,1.53E-08,0.547288774,-0.407368303,2.73E-06,0.106957191,0.011439841
728.3032407,82.40764824,338.369472,124470.5101,0.415313225,0.438515081,0.947089947,5.47E-08,2.64E-07,1.93E-08,3.86E-11,6.88E-09,4.15E-12,0.582282715,-0.426636479,-2.84E-05,0.107842352,0.011629973
767.6596859,78.22420197,388.3934007,115107.4182,0.473684211,0.473684211,1,3.53E-07,1.53E-06,1.08E-07,3.89E-09,2.90E-08,8.02E-10,0.564242738,-0.40858616,0.000103725,0.112138368,0.012575014
735.9052632,81.54320153,357.7679657,130406.9414,0.428571429,0.444444444,0.964285714,1.20E-07,8.84E-07,3.85E-08,9.10E-09,4.98E-08,2.98E-09,0.559046714,-0.420403338,6.20E-05,0.109672731,0.012028108
877.3333333,68.49202027,351.1464666,97097.48775,0.489104116,0.493946731,0.990196078,1.05E-07,9.90E-07,3.40E-08,5.58E-08,2.93E-07,1.77E-08,1.127704254,-0.862087757,-3.48E-05,0.238532849,0.05689792
984,60.95664614,418.6806509,218993.4009,0.396907216,0.443298969,0.895348837,4.40E-07,1.85E-06,1.37E-07,2.15E-07,7.16E-07,6.83E-08,1.121114757,-0.878535671,9.87E-05,0.250744282,0.062872695
873.439759,68.64753396,340.5173417,87570.79831,0.478787879,0.484848485,0.9875,7.94E-07,3.66E-06,2.33E-07,1.73E-08,2.56E-07,2.47E-09,1.157008809,-0.890837632,0.000152439,0.244405114,0.05973386
627.7296512,95.40973179,206.7815896,78505.77595,0.565597668,0.61516035,0.91943128,9.30E-08,1.01E-06,2.94E-08,1.49E-07,7.73E-07,4.66E-08,1.027161299,-0.779298221,4.28E-05,0.214211,0.045886353
897.1287129,66.95930362,359.4412938,111429.1549,0.476426799,0.481389578,0.989690722,4.43E-10,3.23E-07,1.55E-10,3.58E-07,1.39E-06,1.25E-07,1.180089264,-0.898300658,-2.36E-06,0.242094747,0.058609866
871.3459596,68.93398312,345.5028243,125131.1722,0.470886076,0.486075949,0.96875,1.65E-07,1.09E-06,5.20E-08,5.97E-08,1.87E-07,2.08E-08,1.223771281,-0.93085656,-4.46E-05,0.242140205,0.058631879
793.5150115,75.76396789,296.4596855,99774.11283,0.490740741,0.527777778,0.929824561,1.88E-07,1.34E-06,5.74E-08,2.82E-07,9.08E-07,9.14E-08,1.095911221,-0.835058119,-4.68E-05,0.233114568,0.054342402
859.0601504,69.99178623,330.7551237,100409.8367,0.490566038,0.501886792,0.977443609,2.35E-08,2.89E-07,7.61E-09,4.56E-07,1.72E-06,1.42E-07,1.110188602,-0.827996265,2.18E-05,0.234661757,0.05506614
875.1411765,68.58545023,358.9357429,143254.948,0.466076696,0.480825959,0.969325153,4.37E-08,2.25E-07,1.36E-08,1.67E-08,2.38E-07,3.87E-09,1.127654951,-0.875260273,2.48E-05,0.239155,0.057195114
941.5628743,63.7564946,386.8991368,164856.6862,0.447447447,0.462462462,0.967532468,3.12E-06,7.87E-06,1.09E-06,4.33E-08,1.24E-07,1.39E-08,1.214498561,-0.915739339,-0.000213284,0.24845146,0.061728128
652.7555556,92.0764044,206.9360475,58990.38361,0.53125,0.59375,0.894736842,2.33E-08,1.59E-06,5.68E-10,8.19E-09,2.42E-07,4.07E-10,1.0204047,-0.768956618,-4.63E-06,0.213776645,0.045700454
790.9039548,75.99314069,323.4136012,155238.4519,0.477272727,0.528409091,0.903225806,1.70E-07,1.38E-06,5.11E-08,3.20E-07,6.38E-07,1.09E-07,1.174337388,-0.880832744,-7.13E-05,0.235981554,0.055687294
786.2711497,76.24894786,311.0607483,103872.273,0.47826087,0.541304348,0.883534137,6.23E-08,1.63E-07,2.20E-08,7.34E-08,2.33E-07,2.49E-08,0.323565398,-0.352172213,-2.81E-05,0.08631078,0.007449551
737.2068966,81.48286372,343.104709,108849.1972,0.411538462,0.469230769,0.87704918,2.44E-08,9.16E-08,7.97E-09,4.87E-08,2.04E-07,1.53E-08,0.307827059,-0.342756406,-2.38E-05,0.07993633,0.006389817
764.7,78.51304783,353.2589891,111244.4658,0.46031746,0.497354497,0.925531915,2.35E-07,8.08E-07,7.01E-08,1.86E-09,3.32E-08,6.53E-11,0.264465142,-0.346879305,-8.36E-05,0.08216805,0.006751588
756.5664336,79.36983485,389.2028825,143986.104,0.459649123,0.505263158,0.909722222,7.72E-11,9.52E-08,9.43E-12,1.67E-08,3.61E-08,5.57E-09,0.302835663,-0.331091973,7.35E-07,0.079581919,0.006333282
799.3267108,75.0605527,277.6651543,94530.95065,0.475663717,0.528761062,0.89958159,1.04E-07,4.30E-07,3.59E-08,4.65E-09,2.68E-08,1.39E-09,0.291495064,-0.34353219,-3.58E-05,0.083891132,0.007037722
765.9711111,78.31039393,368.9647736,96190.45972,0.485523385,0.516703786,0.939655172,9.68E-09,1.34E-07,2.97E-09,1.90E-08,7.92E-08,6.05E-09,0.306564939,-0.345344186,1.06E-05,0.08546244,0.007303829
755.4581498,79.42996634,373.9953017,98900.78481,0.494481236,0.527593819,0.937238494,2.13E-07,6.27E-07,7.11E-08,3.42E-08,1.17E-07,1.11E-08,0.293148454,-0.350205344,5.23E-05,0.085690783,0.00734291
740.4707792,81.00173013,370.4363574,112284.2619,0.442996743,0.508143322,0.871794872,1.73E-08,8.65E-08,5.36E-09,4.59E-08,1.67E-07,1.42E-08,0.258873899,-0.331591044,1.83E-05,0.081374964,0.006621885
739.9800995,81.05553209,431.0754772,124372.9622,0.488778055,0.516209476,0.946859903,1.49E-07,4.35E-07,4.81E-08,6.64E-09,3.34E-08,1.88E-09,0.252851496,-0.329034078,4.67E-05,0.082492453,0.006805005
792.0579345,75.74652194,310.4953595,93168.79797,0.47979798,0.515151515,0.931372549,1.92E-08,1.15E-07,6.63E-09,4.80E-10,2.92E-08,9.94E-12,0.273201154,-0.336240206,1.66E-05,0.084080425,0.007069518
760.3626943,79.03903741,371.5396504,121640.916,0.46875,0.526041667,0.891089109,1.78E-07,3.83E-07,5.56E-08,3.51E-09,7.35E-08,6.42E-10,0.256800948,-0.322096645,7.45E-05,0.081442106,0.006632817
710.3604061,84.53169583,376.6335416,59473.58789,0.525510204,0.540816327,0.971698113,1.25E-07,3.22E-07,4.13E-08,1.92E-08,1.02E-07,5.80E-09,0.240192078,-0.333779585,6.42E-05,0.079480702,0.006317182
794.5886214,75.58878381,492.5408963,61394.03971,0.5,0.5,1,4.47E-07,1.48E-06,1.54E-07,1.59E-09,1.00E-07,6.06E-11,0.348760992,-0.397405812,7.41E-05,0.100395731,0.010079303
810.6329114,74.0187846,483.2436069,103121.8012,0.487288136,0.508474576,0.958333333,5.92E-08,5.83E-07,1.54E-08,2.29E-07,7.50E-07,7.29E-08,0.330924948,-0.408753344,-3.29E-05,0.099465057,0.009893298
804.4388889,74.40241705,485.2561151,100463.1537,0.502793296,0.519553073,0.967741935,4.31E-09,1.70E-07,8.21E-10,1.03E-07,5.05E-07,2.98E-08,0.315349182,-0.396687028,-8.91E-06,0.097932797,0.009590833
669.7430341,89.6021829,187.3884919,61963.4224,0.344720497,0.444099379,0.776223776,6.45E-09,2.10E-07,1.22E-09,2.66E-07,7.20E-07,8.56E-08,0.370610339,-0.388425051,8.53E-06,0.117993425,0.013922448
765.0486258,78.36718498,466.1241469,113248.9223,0.512711864,0.525423729,0.975806452,6.41E-07,2.40E-06,2.25E-07,1.11E-07,4.07E-07,3.78E-08,0.382873981,-0.401235013,8.96E-05,0.094594271,0.008948076
683.2316832,87.86044196,331.932751,132341.0891,0.396825397,0.503968254,0.787401575,9.69E-09,3.31E-07,2.06E-09,7.85E-08,3.47E-07,2.57E-08,0.346286071,-0.440508876,-8.75E-06,0.103472149,0.010706486
748.6921397,80.12825176,428.6553219,121997.7,0.47702407,0.520787746,0.915966387,2.84E-08,1.98E-07,8.99E-09,1.34E-07,4.95E-07,4.41E-08,0.351552482,-0.428979644,-1.86E-05,0.102422947,0.01049046
666.3527697,90.17668339,305.7767863,134509.9828,0.400584795,0.540935673,0.740540541,2.87E-07,1.63E-06,8.51E-08,3.67E-08,3.00E-07,1.06E-08,0.347218127,-0.431542878,7.28E-05,0.099316825,0.009863832
772.9506494,77.6363161,436.630779,101584.542,0.489583333,0.5078125,0.964102564,4.69E-08,4.15E-07,1.42E-08,1.21E-08,1.33E-07,2.94E-09,0.348430287,-0.424501384,2.53E-05,0.102168848,0.010438473
648.7298969,92.49449664,289.2347599,118677.6814,0.386363636,0.5,0.772727273,5.41E-07,2.51E-06,1.81E-07,5.73E-09,3.87E-08,1.76E-09,0.393321972,-0.409180946,-8.68E-05,0.095291171,0.009080407
783.3368984,76.5945311,441.8161116,95986.82172,0.494623656,0.494623656,1,6.20E-08,2.44E-07,1.81E-08,1.88E-08,2.17E-07,4.97E-09,0.297385856,-0.390809921,4.25E-05,0.097248783,0.009457326
774.0994475,77.70085172,395.4677211,71838.18363,0.5,0.505555556,0.989010989,2.16E-07,1.11E-06,6.59E-08,2.35E-07,8.54E-07,7.69E-08,0.344277014,-0.430398014,8.09E-05,0.103173636,0.010644799
877.5786925,68.32697925,288.8392613,182310.1994,0.339805825,0.427184466,0.795454545,1.41E-07,5.31E-07,5.00E-08,1.78E-08,1.50E-07,5.28E-09,0.373479679,-0.326266689,4.23E-05,0.097367115,0.009480355
875.4840183,68.42072526,394.1784269,85927.34364,0.486238532,0.490825688,0.990654206,4.58E-07,1.80E-06,1.44E-07,6.49E-08,2.07E-07,2.00E-08,0.362678763,-0.304472896,0.000101419,0.091064883,0.008292813
912.4654088,65.77009242,448.7361638,171875.5346,0.455696203,0.474683544,0.96,6.22E-07,2.50E-06,1.83E-07,1.81E-07,6.79E-07,5.37E-08,0.39964669,-0.338144626,0.00013522,0.095545739,0.009128988
794.9705882,75.49813559,276.2272059,150204.7891,0.302583026,0.354243542,0.854166667,4.19E-07,1.28E-05,1.24E-07,5.47E-09,4.35E-07,2.68E-10,0.383336782,-0.373233896,-8.79E-05,0.101729337,0.010348858
804.5111111,74.56455786,251.4913541,118687.1698,0.345211581,0.383073497,0.901162791,1.93E-07,7.26E-07,6.90E-08,8.07E-09,1.09E-07,2.17E-09,0.403581712,-0.358313782,4.96E-05,0.094968274,0.009018973
904.4304462,66.32942457,442.6035858,148745.4474,0.468421053,0.471052632,0.994413408,2.40E-10,9.36E-08,1.87E-11,3.76E-08,1.89E-07,1.20E-08,0.387325675,-0.340432775,7.85E-07,0.084542654,0.00714746
917.689008,65.28968662,475.4560157,209422.6523,0.470430108,0.470430108,1,4.79E-08,4.27E-07,1.46E-08,4.53E-08,1.99E-07,1.44E-08,0.322895597,-0.280695093,2.36E-05,0.087382793,0.007635753
934.2459016,64.22467276,466.4043771,196030.4016,0.465020576,0.477366255,0.974137931,6.11E-08,9.73E-07,1.66E-08,2.10E-08,8.74E-08,6.86E-09,0.400539499,-0.329160978,-3.21E-05,0.086500004,0.007482251
931.15625,64.56284318,403.5629337,170610.6563,0.407523511,0.460815047,0.884353741,1.40E-07,9.72E-07,4.35E-08,2.43E-09,2.08E-07,4.48E-11,0.3779492,-0.319835039,4.44E-05,0.096043374,0.00922433
915.0145349,65.65967354,391.8715133,167840.5274,0.413994169,0.451895044,0.916129032,1.51E-07,9.38E-07,5.03E-08,2.82E-09,7.77E-08,1.41E-10,0.382781235,-0.339746932,-4.57E-05,0.095022627,0.0090293
745.7244898,80.26129056,261.3254183,107475.2504,0.323076923,0.338461538,0.954545455,9.98E-07,5.67E-06,2.97E-07,7.31E-09,1.55E-07,1.10E-09,0.40892515,-0.337363609,0.000172118,0.104036333,0.010823559
861.3024691,69.58922434,243.4311508,111313.8511,0.354037267,0.434782609,0.814285714,1.13E-08,1.08E-06,9.25E-10,1.72E-07,6.39E-07,5.47E-08,0.367956056,-0.330530665,8.74E-06,0.102288399,0.010462917
915.0656566,65.52128204,353.5187177,162993.6472,0.405063291,0.430379747,0.941176471,6.55E-09,3.65E-08,2.01E-09,9.15E-09,7.42E-08,2.81E-09,0.694251105,-0.803056089,-8.44E-06,0.175334521,0.030742194
898.7336449,66.86570878,325.8998183,137381.7421,0.436619718,0.450704225,0.96875,4.74E-07,1.07E-06,1.58E-07,2.21E-07,6.95E-07,7.17E-08,0.728040426,-0.774489408,-0.00010614,0.178087067,0.031715003
976.8918919,61.24839857,330.7570575,156732.0636,0.37414966,0.421768707,0.887096774,1.85E-08,4.81E-08,5.77E-09,3.02E-08,1.91E-07,8.55E-09,0.651038568,-0.756060621,-2.40E-05,0.177023451,0.031337302
841.7773438,71.07333644,318.7260653,112134.6678,0.458823529,0.474509804,0.966942149,1.05E-08,2.64E-08,3.54E-09,3.18E-08,2.00E-07,9.75E-09,0.677364575,-0.741109971,1.49E-05,0.174086986,0.030306279
955.7150396,62.82601328,315.6527555,143778.9747,0.367724868,0.417989418,0.879746835,6.00E-08,3.35E-07,1.91E-08,7.37E-09,4.62E-08,2.37E-09,0.670961221,-0.733503589,-2.60E-05,0.170956298,0.029226056
861.0875,69.62853207,325.8149258,126195.8479,0.45112782,0.461152882,0.97826087,2.06E-08,8.04E-08,6.79E-09,2.79E-08,1.01E-07,9.42E-09,0.658345817,-0.692534336,1.61E-05,0.172103195,0.02961951
971.3626062,61.79825952,347.5985695,173259.3529,0.369318182,0.411931818,0.896551724,2.29E-08,2.28E-07,5.90E-09,3.35E-07,8.83E-07,1.12E-07,0.649264624,-0.758616436,1.49E-05,0.172940346,0.029908363
868.6984733,68.94322015,354.8104256,147766.7878,0.455938697,0.459770115,0.991666667,2.64E-08,1.12E-07,7.94E-09,3.54E-07,1.13E-06,1.10E-07,0.624533118,-0.674749892,2.22E-05,0.168982714,0.028555158
938.8580442,63.95945212,345.880016,162846.4526,0.39556962,0.430379747,0.919117647,1.47E-07,4.64E-07,4.75E-08,1.85E-07,4.94E-07,6.02E-08,0.677073286,-0.728938047,4.64E-05,0.175771543,0.030895635
928.0798817,64.51776618,324.3471073,141426.3573,0.40652819,0.427299703,0.951388889,4.44E-07,9.35E-07,1.59E-07,1.87E-08,1.36E-07,5.80E-09,0.701669022,-0.759410437,8.14E-05,0.177513406,0.031511009
860.852071,69.26101216,334.4681423,136414.6048,0.446428571,0.452380952,0.986842105,2.63E-07,8.70E-07,7.93E-08,1.54E-07,5.71E-07,4.58E-08,0.626824677,-0.686905657,-8.89E-05,0.166799195,0.027821971
849.0787879,70.87000761,338.7034818,143193.6121,0.43902439,0.457317073,0.96,8.88E-07,2.82E-06,2.86E-07,6.27E-08,2.92E-07,1.90E-08,0.636206406,-0.694827974,-0.000168923,0.170275179,0.028993637
715.3925049,83.84083445,382.6835499,107880.4362,0.444664032,0.446640316,0.995575221,2.12E-08,6.70E-08,7.17E-09,6.42E-08,1.81E-07,2.20E-08,0.428271352,-0.546658984,1.60E-05,0.106666121,0.011377661
651.1186441,92.0569758,285.4242867,116000.2614,0.363945578,0.428571429,0.849206349,1.17E-07,4.42E-07,3.73E-08,9.79E-09,3.28E-08,3.06E-09,0.423067166,-0.520572583,-5.15E-05,0.107883197,0.011638784
634.720524,94.54450785,264.8795868,111881.2409,0.372807018,0.394736842,0.944444444,1.91E-07,6.09E-07,5.79E-08,1.98E-08,7.06E-08,5.89E-09,0.422216028,-0.527365928,7.60E-05,0.108405485,0.011751749
722.3946488,82.96498417,376.8649819,92293.0372,0.453020134,0.466442953,0.971223022,1.69E-08,4.90E-08,5.46E-09,3.46E-09,1.53E-08,1.08E-09,0.41920234,-0.513199521,1.85E-05,0.110899292,0.012298653
692.6137667,86.63376568,345.3432614,110795.3035,0.425287356,0.438697318,0.969432314,5.51E-08,1.28E-07,1.98E-08,4.73E-08,1.30E-07,1.66E-08,0.418614553,-0.528215874,2.66E-05,0.104003732,0.010816776
682.4871287,87.86044196,326.1831018,95730.07703,0.418650794,0.446428571,0.937777778,7.43E-08,2.78E-07,2.46E-08,1.33E-08,4.86E-08,4.25E-09,0.462721648,-0.565843099,-3.07E-05,0.112235244,0.01259675
670.9823875,89.38053355,282.4402691,108772.7367,0.394117647,0.447058824,0.881578947,1.82E-08,4.32E-07,5.96E-09,6.30E-08,1.65E-07,2.14E-08,0.439090079,-0.547246333,1.51E-05,0.109242976,0.011934028
699.6226994,85.72027752,356.4855249,110235.8561,0.427692308,0.44,0.972027972,2.41E-09,5.60E-08,5.82E-10,1.02E-07,2.85E-07,3.20E-08,0.410097583,-0.516471508,-5.98E-06,0.107806468,0.011622235
679.8835616,88.29622478,335.704502,118656.0979,0.411899314,0.42791762,0.962566845,3.88E-08,9.04E-08,1.30E-08,4.62E-10,1.92E-08,1.01E-11,0.404851867,-0.518059839,2.43E-05,0.103122336,0.010634216
746.1662708,80.3141514,428.2088678,88009.25126,0.471428571,0.480952381,0.98019802,1.72E-08,6.64E-08,5.79E-09,1.19E-08,3.32E-08,4.06E-09,0.388746112,-0.51808354,1.55E-05,0.102655564,0.010538165
643.0789474,93.29865756,231.6600716,69577.84193,0.334801762,0.440528634,0.76,7.03E-08,2.70E-07,2.12E-08,1.42E-08,4.94E-08,4.22E-09,0.445412641,-0.543555625,4.61E-05,0.110980642,0.012316703
690.9851485,86.66633461,344.1644798,113081.7694,0.422885572,0.427860697,0.988372093,3.98E-09,8.84E-08,7.56E-10,8.69E-08,2.25E-07,2.88E-08,0.449127253,-0.564314236,-8.51E-06,0.111404968,0.012411067
727.9859438,82.35546533,201.9581705,55892.93101,0.398390342,0.438631791,0.908256881,1.19E-07,5.63E-07,4.39E-08,1.03E-07,3.71E-07,3.49E-08,0.592190512,-0.533668112,-3.97E-05,0.113884729,0.012969732
738.7076923,81.17186042,201.1455528,37043.81896,0.393822394,0.44015444,0.894736842,1.48E-08,3.73E-07,4.09E-09,1.17E-10,2.23E-08,1.56E-11,0.449518284,-0.415072126,-1.70E-05,0.098408638,0.00968426
714.1428571,83.85686784,196.2543844,54312.13965,0.391089109,0.415841584,0.94047619,1.90E-07,1.14E-06,5.64E-08,1.75E-10,3.28E-08,2.57E-11,0.501193192,-0.453403902,-7.50E-05,0.106236777,0.011286253
723.3946488,82.96498417,346.7399898,132865.568,0.429530201,0.456375839,0.941176471,1.15E-07,7.32E-07,3.81E-08,4.70E-08,9.05E-08,1.58E-08,0.540751669,-0.501623338,4.88E-05,0.117409888,0.013785082
749.8571429,80.02050112,223.3207013,64893.10631,0.419087137,0.439834025,0.952830189,1.60E-07,4.81E-07,5.98E-08,6.24E-09,3.95E-08,2.19E-09,0.596667236,-0.514476411,-4.63E-05,0.108663316,0.011807716
680.5601578,88.20771644,233.2785975,76027.61053,0.359683794,0.395256917,0.91,3.12E-08,2.24E-07,1.10E-08,6.14E-09,5.90E-08,1.85E-09,0.516952809,-0.513368566,2.06E-05,0.113808429,0.012952358
694.4878543,86.41282052,227.7796418,74445.66397,0.354969574,0.39148073,0.906735751,8.27E-09,2.21E-07,2.95E-09,2.85E-10,2.99E-08,6.42E-11,0.500792174,-0.490749474,1.07E-05,0.108639887,0.011802625
734.4951768,81.7881547,218.0256556,53216.22807,0.409677419,0.448387097,0.913669065,1.08E-08,9.11E-07,2.95E-09,2.27E-09,1.02E-07,4.10E-10,0.519575129,-0.477311181,1.35E-05,0.105490009,0.011128142
724.7341463,82.66457491,217.7358875,62236.93734,0.393643032,0.413202934,0.952662722,8.43E-10,2.33E-07,2.05E-10,1.03E-07,3.29E-07,3.30E-08,0.467369729,-0.430277226,-3.03E-06,0.099488191,0.0098979
745.4146919,80.5044693,201.6506183,43041.89097,0.399049881,0.427553444,0.933333333,4.21E-08,9.59E-07,1.34E-08,9.29E-08,3.51E-07,3.19E-08,0.541724272,-0.510999088,2.36E-05,0.10640106,0.011321186
704.5288462,85.15030319,171.7104386,35079.32899,0.342995169,0.367149758,0.934210526,4.70E-08,3.39E-07,1.47E-08,2.68E-07,8.29E-07,8.19E-08,0.566992224,-0.496034498,3.83E-05,0.110711731,0.012257087
719.5670103,83.25091256,209.6068818,52183.44389,0.388601036,0.435233161,0.892857143,2.24E-07,5.57E-07,7.55E-08,7.67E-10,7.54E-08,1.52E-10,0.543690872,-0.472597911,8.69E-05,0.108488967,0.011769856
913.0806045,65.68632305,341.9595365,133364.2192,0.436868687,0.457070707,0.955801105,9.83E-08,3.95E-07,3.29E-08,1.68E-08,6.56E-08,5.55E-09,0.595232684,-0.52799359,3.42E-05,0.136105733,0.018524771
859.1071429,69.97574174,325.3747389,47704.44759,0.493273543,0.493273543,1,1.51E-07,7.18E-07,4.61E-08,2.19E-07,6.48E-07,7.10E-08,0.55862121,-0.514851169,5.73E-05,0.131337255,0.017249475
994.1164384,60.42627241,337.2717937,150989.6507,0.379310345,0.386206897,0.982142857,1.40E-08,5.46E-07,1.59E-09,7.98E-07,2.15E-06,2.44E-07,0.623365014,-0.597678839,-1.20E-05,0.141828429,0.020115303
806.130597,74.3919358,334.345133,109656.351,0.471910112,0.516853933,0.913043478,1.16E-07,4.43E-07,3.72E-08,4.39E-08,2.28E-07,1.37E-08,0.588771145,-0.546860219,-4.82E-05,0.135441175,0.018344312
861.1833333,69.60460945,320.6114729,81120.31037,0.465393795,0.479713604,0.970149254,8.68E-08,6.94E-07,2.98E-08,2.38E-08,1.16E-07,8.01E-09,0.589945461,-0.543639587,-3.26E-05,0.135923483,0.018475193
860.4339152,69.80216931,353.7484558,109219.1111,0.47,0.48,0.979166667,2.12E-09,7.88E-08,6.51E-10,7.85E-08,3.00E-07,2.58E-08,0.573264418,-0.517423411,4.99E-06,0.135820663,0.018447252
882.1752577,67.90825693,376.1627447,154343.2675,0.447028424,0.485788114,0.920212766,3.43E-07,1.55E-06,1.12E-07,4.53E-08,2.08E-07,1.51E-08,0.587715904,-0.568563683,6.56E-05,0.141216985,0.019942237
800.4105263,74.97247514,357.1669426,177348.0157,0.443661972,0.48943662,0.90647482,8.77E-07,3.21E-06,2.73E-07,1.47E-07,4.02E-07,4.57E-08,0.60740389,-0.558769295,0.000130511,0.139003364,0.019321935
879.5502959,68.18318953,345.1037968,89777.86558,0.465875371,0.483679525,0.963190184,1.67E-07,8.75E-07,5.21E-08,1.10E-08,8.45E-08,3.21E-09,0.577237823,-0.510428793,4.86E-05,0.13497092,0.018217149
870.8060942,68.89507774,322.2035971,82045.00364,0.477777778,0.488888889,0.977272727,8.74E-09,6.80E-08,3.04E-09,6.71E-10,3.07E-08,3.25E-11,0.581097753,-0.520338878,1.13E-05,0.134010151,0.01795872
746.4336735,80.26129056,308.2815203,115073.2684,0.497435897,0.538461538,0.923809524,8.80E-10,1.93E-07,1.59E-10,1.04E-07,3.54E-07,3.17E-08,0.609445202,-0.551103255,-3.94E-06,0.139023738,0.0193276
910.6666667,65.74687453,323.3332969,101226.9502,0.460526316,0.473684211,0.972222222,2.36E-10,4.47E-08,9.52E-11,3.79E-09,1.09E-07,5.84E-10,0.582905539,-0.540762576,3.11E-06,0.141667208,0.020069598
725.792,82.68554736,336.1186455,150490.7558,0.458917836,0.517034068,0.887596899,8.55E-08,3.79E-07,2.87E-08,3.12E-09,8.08E-08,4.35E-10,0.818185787,-0.760645352,-3.20E-05,0.169707957,0.028800791
796.9045643,75.26279779,257.7150873,108487.9947,0.479166667,0.483333333,0.99137931,1.78E-09,1.10E-07,3.99E-11,9.59E-09,7.08E-08,2.85E-09,0.774113372,-0.733085007,-8.74E-07,0.180512158,0.032584639
799.0879121,75.22454321,207.9454407,19533.85492,0.497237569,0.497237569,1,1.17E-06,2.39E-06,3.72E-07,1.21E-08,8.59E-08,3.07E-09,0.794546871,-0.730887972,0.00019291,0.174096248,0.030309504
779.5270758,76.88088533,379.4881002,147500.417,0.40942029,0.423913043,0.965811966,2.65E-07,8.27E-07,8.61E-08,9.01E-08,2.91E-07,2.94E-08,0.764957119,-0.71993386,-7.33E-05,0.182169736,0.033185813
714.6193294,83.98845985,323.254688,136668.6924,0.42687747,0.488142292,0.874493927,6.00E-08,2.53E-07,2.08E-08,1.97E-08,6.29E-08,6.89E-09,0.758838417,-0.708352933,-2.72E-05,0.171931924,0.029560587
880.5459184,68.23943417,288.3317078,107088.9121,0.450127877,0.460358056,0.977777778,1.26E-08,8.72E-08,4.18E-09,3.47E-07,9.55E-07,1.17E-07,0.827820627,-0.750056087,-1.27E-05,0.183162483,0.033548495
817.5095238,73.49454028,284.9873709,88486.22355,0.448687351,0.45823389,0.979166667,6.33E-07,1.98E-06,2.10E-07,9.36E-08,3.04E-07,3.09E-08,0.748389288,-0.691352505,-8.97E-05,0.164919148,0.027198325
824.299639,72.87534297,270.5618153,42982.14917,0.492753623,0.496376812,0.99270073,1.89E-07,6.99E-07,5.83E-08,5.26E-07,1.61E-06,1.64E-07,0.764762431,-0.74236139,-6.03E-05,0.183490582,0.033668794
842.6288952,71.20014481,278.918545,127480.5555,0.454545455,0.463068182,0.981595092,3.35E-08,1.28E-07,1.08E-08,2.98E-08,1.15E-07,9.66E-09,0.730105019,-0.710640424,2.21E-05,0.168008496,0.028226855
735.296729,81.64637666,356.6866075,153995.2934,0.466042155,0.508196721,0.917050691,5.94E-07,1.90E-06,2.04E-07,2.60E-08,1.48E-07,8.39E-09,0.748916214,-0.694962545,9.20E-05,0.170184655,0.028962817
811.9777778,73.74260707,336.7207048,146519.1336,0.441340782,0.441340782,1,3.17E-07,1.40E-06,9.31E-08,1.39E-07,5.58E-07,4.08E-08,0.78066239,-0.742313756,9.63E-05,0.185303212,0.03433728
850.8963415,70.44307986,310.4901889,86286.24683,0.472392638,0.472392638,1,3.70E-07,7.73E-07,1.26E-07,1.53E-07,8.27E-07,4.91E-08,0.746381631,-0.696621288,-0.000112463,0.175058923,0.030645627
1040.186246,57.76435444,472.5513768,229809.804,0.416666667,0.448275862,0.929487179,1.11E-06,2.89E-06,3.84E-07,7.41E-08,1.98E-07,2.50E-08,0.551845537,-0.591704647,-0.000117062,0.139060118,0.019337717
965.6834171,62.20065933,471.5447793,207132.1294,0.434343434,0.449494949,0.966292135,1.50E-07,4.07E-07,5.00E-08,6.09E-08,2.92E-07,1.92E-08,0.531008199,-0.577083617,5.97E-05,0.14075418,0.019811739
985.9795918,60.83733549,478.0388823,221961.8801,0.417808219,0.445205479,0.938461538,3.36E-07,1.49E-06,9.84E-08,2.82E-10,2.07E-08,1.11E-10,0.551366391,-0.620367861,9.90E-05,0.139706063,0.019517784
1170.210811,51.43829018,386.6214701,219789.919,0.380434783,0.472826087,0.804597701,2.13E-07,6.89E-07,6.85E-08,2.62E-07,7.54E-07,8.51E-08,0.522119522,-0.577276128,-6.54E-05,0.145195257,0.021081663
1040.37931,57.70073325,449.0620617,209698.6299,0.42074928,0.46685879,0.901234568,3.02E-07,1.06E-06,1.05E-07,6.30E-08,1.92E-07,2.19E-08,0.551753105,-0.585257856,-6.11E-05,0.144700102,0.02093812
955.1555556,62.68304259,452.5881468,205366.693,0.448467967,0.459610028,0.975757576,2.21E-10,2.34E-08,7.45E-11,5.10E-08,2.07E-07,1.66E-08,0.553177869,-0.615561373,1.69E-06,0.139467152,0.019451086
929.1436314,64.5914012,451.4378323,189064.5352,0.451086957,0.461956522,0.976470588,4.48E-07,1.28E-06,1.50E-07,7.40E-08,2.36E-07,2.41E-08,0.556656596,-0.59168033,7.60E-05,0.144112263,0.020768344
933.9631148,64.22467276,452.8002888,191294.1148,0.46090535,0.465020576,0.991150442,8.44E-08,4.29E-07,2.48E-08,2.07E-08,8.99E-08,6.18E-09,0.536781685,-0.581335774,3.93E-05,0.1408847,0.019848499
1011.863946,59.33345401,446.0080494,202325.8546,0.440273038,0.467576792,0.941605839,6.44E-08,2.61E-07,2.05E-08,3.31E-09,7.58E-08,6.05E-10,0.565596308,-0.627810506,-3.05E-05,0.143907165,0.020709272
1038.10596,57.66632198,458.3761712,222541.6522,0.418604651,0.458471761,0.913043478,1.09E-06,2.72E-06,3.79E-07,4.68E-08,2.01E-07,1.56E-08,0.563055584,-0.61161083,0.000125683,0.142050326,0.020178295
1061.362319,56.63106288,423.7609652,193122.0523,0.430656934,0.459854015,0.936507937,1.30E-08,1.93E-07,3.20E-09,2.64E-07,7.88E-07,8.05E-08,0.518560926,-0.559656837,1.77E-05,0.136910324,0.018744437
1026.882353,58.48910267,428.9879016,202571.908,0.437037037,0.466666667,0.936507937,1.16E-07,6.17E-07,3.55E-08,1.02E-07,3.26E-07,3.31E-08,0.521050406,-0.548457541,5.94E-05,0.130716666,0.017086847
694.9001919,86.15140863,355.2598126,154789.8805,0.45,0.501923077,0.896551724,2.03E-07,1.06E-06,6.60E-08,7.16E-10,2.32E-08,3.18E-11,0.697927422,-0.547733967,-4.85E-05,0.138230095,0.019107559
665.0761246,90.19095602,274.2608824,106986.9079,0.440972222,0.513888889,0.858108108,2.27E-07,6.01E-07,7.48E-08,4.94E-08,2.34E-07,1.56E-08,0.632495676,-0.47580229,-7.31E-05,0.129356242,0.016733037
652.8063063,91.66706631,272.0273153,106771.0969,0.461538462,0.556561086,0.829268293,8.83E-11,1.40E-07,1.95E-11,1.71E-08,1.59E-07,4.78E-09,0.616847743,-0.514981857,1.37E-06,0.128786407,0.016585939
701.9090909,85.45393369,251.4371501,91337.51201,0.465798046,0.553745928,0.841176471,1.05E-07,2.33E-06,3.19E-08,4.95E-08,2.26E-07,1.58E-08,0.716108307,-0.485230674,-4.45E-05,0.133440051,0.017806247
650.9048474,92.25504055,285.1026754,122682.2059,0.467625899,0.559352518,0.836012862,3.75E-09,1.97E-07,9.11E-10,1.12E-10,1.40E-08,6.19E-11,0.645079224,-0.486706847,5.63E-06,0.132452261,0.017543601
829.7980769,72.40672786,332.3339451,88746.54903,0.477108434,0.496385542,0.961165049,4.68E-10,1.75E-07,9.37E-11,3.61E-08,6.33E-08,1.27E-08,0.672156048,-0.510496432,-1.85E-06,0.136803741,0.018715263
738.1806452,81.35025124,349.9836577,154664.5304,0.4375,0.497844828,0.878787879,5.72E-08,3.99E-07,1.82E-08,4.15E-08,9.98E-08,1.39E-08,0.667073492,-0.528010961,-2.64E-05,0.139803449,0.019545004
704.3919753,85.19599448,301.6613595,129178.647,0.470588235,0.535603715,0.878612717,2.36E-07,1.14E-06,7.13E-08,5.79E-08,1.84E-07,1.76E-08,0.668760006,-0.511704807,6.67E-05,0.139255822,0.019392184
671.9074492,89.30187655,285.7212027,118702.015,0.457013575,0.50678733,0.901785714,2.07E-08,5.72E-07,6.90E-09,2.23E-07,6.69E-07,7.23E-08,0.686682527,-0.559258778,1.77E-05,0.131512502,0.017295538
697.2616408,86.02368823,331.2648122,130792.0117,0.444444444,0.497777778,0.892857143,6.60E-08,3.19E-07,2.20E-08,1.16E-08,1.28E-07,3.29E-09,0.665751364,-0.506420933,-3.02E-05,0.135164805,0.018269525
637.2,94.113493,267.4547828,148476.8597,0.427947598,0.524017467,0.816666667,5.77E-07,1.44E-06,1.81E-07,1.17E-07,4.01E-07,3.48E-08,0.61790929,-0.485378501,-0.000134548,0.125168134,0.015667062
642.4082569,93.49717872,280.8766193,134612.3496,0.483870968,0.580645161,0.833333333,3.21E-07,1.29E-06,1.04E-07,1.81E-09,6.42E-08,3.49E-11,0.649567866,-0.492388194,-0.000101694,0.131220983,0.017218946
875.8792271,68.49202027,92.70074862,21065.17249,0.237288136,0.399515738,0.593939394,1.37E-08,1.09E-07,5.64E-09,1.16E-08,6.93E-08,3.72E-09,0.4252031,-0.389291719,1.43E-05,0.096021289,0.009220088
904.9292453,66.24370218,102.4438795,13560.23945,0.317535545,0.407582938,0.779069767,4.72E-09,9.39E-08,2.01E-09,4.57E-09,3.87E-08,1.15E-09,0.399751094,-0.398565947,1.21E-05,0.090569616,0.008202855
938.1741935,64.12584011,138.4353608,14493.23432,0.435064935,0.487012987,0.893333333,3.00E-07,1.13E-06,8.96E-08,6.38E-08,2.57E-07,1.89E-08,0.403322948,-0.387339675,9.46E-05,0.090319981,0.008157699
979.1809955,61.39408828,231.7861803,121219.1294,0.268181818,0.372727273,0.719512195,1.68E-07,7.80E-07,5.35E-08,9.63E-10,9.51E-09,3.34E-10,0.396546648,-0.404798372,5.78E-05,0.097627195,0.009531069
884.9486553,67.78596169,101.9487125,31929.78718,0.264705882,0.397058824,0.666666667,2.61E-07,1.01E-06,8.98E-08,1.62E-10,8.64E-09,3.72E-11,0.44606482,-0.403803945,5.66E-05,0.094358226,0.008903475
878.1122449,68.23943417,76.72184769,8595.688539,0.273657289,0.401534527,0.681528662,6.86E-09,6.50E-08,2.02E-09,1.25E-09,1.46E-08,3.52E-10,0.409066176,-0.396824598,8.78E-06,0.090731022,0.008232118
861.836272,69.47939913,56.28447175,3719.958484,0.212121212,0.383838384,0.552631579,1.76E-07,6.09E-07,5.77E-08,3.14E-08,8.43E-08,1.05E-08,0.393829018,-0.388219747,4.71E-05,0.090744417,0.008234549
866.9467681,69.20536167,78.39746547,11775.70829,0.244274809,0.385496183,0.633663366,1.49E-07,5.47E-07,4.58E-08,2.40E-08,9.82E-08,7.23E-09,0.403227627,-0.398950778,-5.34E-05,0.090182039,0.0081328
902.6534954,66.37301635,244.5263756,104369.8874,0.402439024,0.463414634,0.868421053,3.27E-07,1.18E-06,1.05E-07,1.55E-10,9.26E-09,1.14E-11,0.467643582,-0.409251633,6.89E-05,0.096158054,0.009246371
890.5524079,67.37253459,98.61657213,28017.89082,0.303977273,0.400568182,0.758865248,3.72E-08,2.55E-07,1.20E-08,7.16E-09,5.67E-08,2.28E-09,0.41047729,-0.393123148,2.23E-05,0.095092091,0.009042506
881.2891566,68.03875901,135.0444868,40023.59292,0.284848485,0.43030303,0.661971831,9.75E-09,4.90E-07,2.33E-09,3.03E-09,2.04E-07,3.90E-11,0.433811101,-0.399645737,-1.51E-05,0.096801231,0.009370478
892.7435897,67.0276578,90.46763606,9969.631193,0.303225806,0.4,0.758064516,1.22E-07,9.65E-07,3.70E-08,1.64E-08,2.16E-07,4.66E-09,0.420529832,-0.400291527,-6.06E-05,0.094762335,0.0089799
945.3958333,63.54078989,310.6717779,150268.886,0.404699739,0.438642298,0.922619048,2.26E-08,2.12E-07,7.67E-09,3.04E-08,1.19E-07,1.01E-08,0.406828965,-0.362559301,-1.65E-05,0.096274993,0.009268874
967.3165829,62.20065933,291.1398532,136923.1521,0.393939394,0.434343434,0.906976744,6.39E-09,3.35E-07,1.06E-09,1.17E-09,6.33E-08,5.93E-11,0.446171627,-0.374021309,-8.43E-06,0.101802689,0.010363787
946.0909091,63.71477703,334.7605763,148030.7241,0.424836601,0.470588235,0.902777778,7.81E-08,3.94E-07,2.39E-08,3.55E-08,1.24E-07,1.06E-08,0.368692162,-0.360302395,-4.88E-05,0.091312315,0.008337939
868.8514056,69.13748681,361.3724557,92982.91521,0.487903226,0.491935484,0.991803279,1.35E-07,5.16E-07,4.40E-08,2.82E-09,1.03E-07,2.51E-10,0.405445122,-0.387471243,5.24E-05,0.096904675,0.009390516
933.2551546,64.3139978,318.9466276,155520.3553,0.413436693,0.449612403,0.91954023,4.46E-08,2.49E-07,1.53E-08,9.07E-09,3.76E-08,3.13E-09,0.442146619,-0.375760051,-2.33E-05,0.102580091,0.010522675
864.919598,69.2812576,321.5891493,134668.7799,0.460957179,0.473551637,0.973404255,1.41E-07,6.68E-07,4.57E-08,1.29E-08,6.94E-08,3.83E-09,0.437163818,-0.393806003,4.19E-05,0.098079142,0.009619518
898.7690289,66.68625745,322.3622525,160496.9902,0.426315789,0.45,0.947368421,1.83E-07,5.98E-07,6.13E-08,2.25E-09,2.89E-08,5.18E-10,0.460879526,-0.389322288,4.85E-05,0.09799157,0.009602348
812.7046263,73.92390905,246.8942226,84317.79653,0.489285714,0.492857143,0.992753623,7.66E-08,5.03E-07,2.30E-08,9.17E-08,2.51E-07,2.86E-08,0.416160004,-0.36710878,3.79E-05,0.097180118,0.009443975
886.9432836,67.57979847,305.826874,144572.1183,0.425149701,0.45508982,0.934210526,3.03E-09,1.88E-07,8.83E-11,3.78E-09,6.23E-08,8.48E-10,0.458139264,-0.396325841,-1.51E-06,0.103690063,0.010751629
874.1666667,68.70475985,312.6686151,114271.98,0.462395543,0.473537604,0.976470588,4.19E-09,2.87E-07,1.07E-09,1.69E-08,8.19E-08,5.57E-09,0.402568482,-0.380747216,6.66E-06,0.094198952,0.008873443
944.3741935,63.5571641,332.6508489,138872.2197,0.441558442,0.467532468,0.944444444,1.08E-09,2.21E-07,1.91E-10,1.40E-07,4.57E-07,4.27E-08,0.421806683,-0.386030808,4.35E-06,0.098177942,0.009638908
875.05625,68.73536883,357.2057371,113354.9173,0.465408805,0.477987421,0.973684211,1.48E-08,1.26E-07,4.74E-09,4.42E-10,4.58E-08,5.22E-11,0.4247615,-0.398537211,2.18E-05,0.099732226,0.009946517
851.4964706,70.30747141,211.3483291,93662.92645,0.367924528,0.445754717,0.825396825,1.52E-07,1.10E-06,4.68E-08,3.29E-08,3.15E-07,9.70E-09,0.655185051,-0.64699491,-4.07E-05,0.148365058,0.02201219
790.1234568,75.88480438,223.0454239,78362.54594,0.425619835,0.495867769,0.858333333,1.96E-07,1.61E-06,5.82E-08,3.50E-07,1.10E-06,1.13E-07,0.643046765,-0.629932166,6.43E-05,0.144962595,0.021014154
931.9807692,64.53690319,135.0484271,27658.19449,0.374193548,0.432258065,0.865671642,2.78E-07,7.16E-07,8.90E-08,5.85E-08,5.97E-07,1.53E-08,0.653219305,-0.620572367,9.44E-05,0.146469049,0.021453182
1095.22335,54.75688955,182.666922,56181.97563,0.336734694,0.418367347,0.804878049,6.01E-07,2.54E-06,1.89E-07,3.13E-07,9.30E-07,1.01E-07,0.592023129,-0.657196767,-0.000108587,0.156921724,0.024624428
741.5,80.84715919,251.4910892,68825.61192,0.540041068,0.597535934,0.903780069,1.32E-08,1.15E-06,2.09E-09,1.43E-08,7.04E-08,5.31E-09,0.670284606,-0.649003211,8.33E-06,0.143208577,0.020508696
767.0423163,78.13675669,239.7373888,70334.58062,0.513392857,0.551339286,0.931174089,5.35E-07,2.19E-06,1.78E-07,5.50E-09,8.25E-08,1.52E-09,0.661227015,-0.619550282,8.27E-05,0.141821218,0.020113258
799.567757,74.89111112,205.0712543,57007.84721,0.407494145,0.480093677,0.848780488,2.36E-08,2.75E-07,7.34E-09,5.00E-08,1.84E-07,1.61E-08,0.661890086,-0.634273008,1.68E-05,0.148178097,0.021956749
772.0474576,77.59389035,258.602537,77230.93209,0.510204082,0.56122449,0.909090909,5.03E-08,1.61E-06,1.64E-08,4.21E-10,1.57E-07,2.00E-11,0.6378257,-0.625182287,3.20E-05,0.140531707,0.019749161
885.2142857,67.78092882,121.9088553,29080.65984,0.349253731,0.429850746,0.8125,8.15E-07,2.87E-06,2.61E-07,1.07E-08,3.88E-08,3.33E-09,0.619051602,-0.756773732,0.000108892,0.146256589,0.02139099
776.5950617,77.2690651,232.4569886,76676.99273,0.452970297,0.507425743,0.892682927,7.50E-07,3.68E-06,2.53E-07,2.80E-07,1.10E-06,9.48E-08,0.661679947,-0.641865076,-0.000102494,0.143699236,0.02064947
1272.408696,47.26045536,151.5947908,56489.78777,0.105263158,0.228070175,0.461538462,1.10E-06,3.65E-06,3.33E-07,1.71E-08,4.90E-08,5.04E-09,0.53434711,-0.632225803,-0.000182208,0.152975602,0.023401535
868.4037267,69.16229659,116.6485572,33867.03895,0.3375,0.48125,0.701298701,8.98E-07,4.25E-06,2.82E-07,3.42E-07,1.18E-06,1.09E-07,0.597709081,-0.635755386,0.000167491,0.147154417,0.021654423
778.8433476,77.07415293,280.9559308,87629.95784,0.477419355,0.496774194,0.961038961,5.55E-07,1.81E-06,1.87E-07,1.28E-08,3.16E-08,4.42E-09,0.383176421,-0.52437362,8.16E-05,0.11495505,0.013214664
787.7745902,76.19580768,308.4262509,103588.2425,0.452674897,0.489711934,0.924369748,4.73E-07,1.50E-06,1.52E-07,8.93E-08,2.59E-07,2.92E-08,0.331137567,-0.478555272,0.000104245,0.11380931,0.012952559
811.301676,73.99135397,372.4484227,108793.8167,0.47752809,0.494382022,0.965909091,3.06E-07,1.16E-06,9.06E-08,1.17E-08,4.12E-08,3.54E-09,0.336302222,-0.458601703,9.50E-05,0.110748271,0.01226518
766.6085409,77.98708512,275.7363879,92455.30343,0.453571429,0.492857143,0.920289855,7.27E-07,2.48E-06,2.33E-07,2.20E-08,7.94E-08,6.72E-09,0.328106514,-0.494655296,0.000120642,0.11612997,0.01348617
768.8874735,78.03652175,246.0971737,74751.25893,0.480851064,0.506382979,0.949579832,2.10E-08,1.59E-07,6.48E-09,2.09E-07,6.39E-07,7.29E-08,0.393393245,-0.585152371,1.51E-05,0.117954041,0.013913156
808.0023474,74.14310023,320.0145514,95177.09838,0.489411765,0.512941176,0.95412844,2.96E-07,9.21E-07,9.74E-08,1.96E-08,1.15E-07,6.19E-09,0.347254189,-0.495716096,-6.11E-05,0.110694855,0.012253351
801.5023364,74.89111112,315.7684913,98500.5392,0.484777518,0.503512881,0.962790698,2.59E-07,9.85E-07,8.40E-08,1.44E-08,3.51E-08,4.72E-09,0.343379281,-0.528492591,5.68E-05,0.110883585,0.012295169
806.9081272,74.4481921,402.3129236,114387.0683,0.460992908,0.485815603,0.948905109,1.05E-07,2.99E-07,3.31E-08,1.03E-07,4.27E-07,3.13E-08,0.317440358,-0.45311758,-4.55E-05,0.102509903,0.01050828
797.3646113,75.22275187,328.0123941,104988.7901,0.48655914,0.491935484,0.989071038,1.48E-08,2.14E-07,3.79E-09,2.61E-07,7.92E-07,8.45E-08,0.337568088,-0.529523791,-1.30E-05,0.114935908,0.013210263
763.9124088,78.41097246,233.2903863,44255.00527,0.497560976,0.504878049,0.985507246,3.60E-08,2.47E-07,1.15E-08,5.41E-08,2.27E-07,1.79E-08,0.365524556,-0.562494147,-2.18E-05,0.112851124,0.012735376
786.1397849,76.18711338,353.1446305,104491.8175,0.459459459,0.481081081,0.95505618,6.09E-07,1.62E-06,1.87E-07,6.31E-10,3.37E-08,1.56E-11,0.346608122,-0.4767811,0.00013668,0.109277624,0.011941599
731.7736842,81.54320153,311.0916531,111658.3034,0.380952381,0.44973545,0.847058824,5.15E-07,2.14E-06,1.62E-07,1.26E-07,5.01E-07,4.09E-08,0.353322865,-0.456955156,0.000126955,0.108530998,0.011778977
731.9556452,82.02538331,278.4799839,105601.2208,0.480808081,0.511111111,0.940711462,6.03E-09,9.02E-06,2.71E-10,1.01E-08,7.16E-07,3.26E-09,0.990197745,-0.722070241,-2.57E-06,0.18003933,0.03241416
805.2563025,74.3297879,325.703354,111482.6919,0.607594937,0.616033755,0.98630137,5.98E-07,2.01E-05,1.87E-07,2.41E-07,2.00E-06,7.84E-08,0.904682881,-0.687335684,0.000115325,0.175711803,0.030874638
759.5497382,78.9241109,306.087981,114139.9173,0.521052632,0.542105263,0.961165049,7.95E-08,1.04E-05,2.52E-08,6.12E-07,1.37E-06,1.93E-07,0.97851945,-0.721426974,5.03E-05,0.18041233,0.032548609
777.6007194,77.15743528,371.9300453,167348.6962,0.451263538,0.490974729,0.919117647,7.58E-07,2.71E-06,2.50E-07,8.16E-08,3.10E-07,2.67E-08,0.872238447,-0.680754848,-0.000124916,0.202586568,0.041041317
774.7002141,77.3751953,293.3737508,97147.20536,0.52360515,0.538626609,0.972111554,1.04E-06,3.04E-05,3.82E-07,1.12E-08,2.67E-06,3.70E-09,0.991936416,-0.745706768,0.000116928,0.181929706,0.033098418
713.7619048,84.04042275,324.7231164,165338.7499,0.417012448,0.443983402,0.939252336,1.35E-08,3.97E-06,3.95E-09,8.42E-08,5.67E-07,2.77E-08,0.935565481,-0.743902083,1.23E-05,0.180010883,0.032403918
705.5884774,85.01624968,384.0681977,191744.1199,0.35257732,0.389690722,0.904761905,9.13E-08,3.85E-06,2.85E-08,3.17E-08,3.19E-07,1.02E-08,0.900097365,-0.734312353,-3.31E-05,0.181202102,0.032834202
689.2719033,87.03098513,338.6044756,203232.2661,0.372727273,0.4,0.931818182,1.17E-07,3.48E-06,3.48E-08,1.86E-07,7.05E-07,5.77E-08,0.925501723,-0.713726214,4.65E-05,0.180299504,0.032507911
743.16,80.65327139,323.4590759,147444.8904,0.498746867,0.518796992,0.961352657,9.85E-07,1.44E-05,3.33E-07,1.50E-07,1.69E-06,4.86E-08,0.935768602,-0.724664727,-0.000123111,0.178109216,0.031722893
743.6052009,80.69478719,293.4413978,116080.3086,0.481042654,0.5,0.962085308,1.41E-08,1.13E-05,4.83E-09,2.17E-07,1.55E-06,7.41E-08,0.97320269,-0.736365948,1.42E-05,0.184978234,0.034216947
688.8113208,86.77997406,305.9284313,129398.9597,0.383886256,0.431279621,0.89010989,1.38E-06,8.27E-06,4.14E-07,1.41E-07,4.20E-07,4.29E-08,0.941133764,-0.71115745,0.000203132,0.19026385,0.036200333
691.6435644,86.66633461,313.2154343,132480.3053,0.378109453,0.427860697,0.88372093,5.34E-08,2.92E-06,1.19E-08,2.52E-08,5.32E-07,7.63E-09,0.870741347,-0.677313152,3.41E-05,0.182032091,0.033135682
792.2336245,75.75382483,227.8017477,63980.24743,0.396061269,0.472647702,0.837962963,2.57E-08,1.53E-07,8.32E-09,2.48E-10,3.61E-09,5.44E-11,0.268809836,-0.445391909,1.72E-05,0.081408648,0.006627368
790.7078189,75.88480438,279.4311353,70803.87164,0.512396694,0.520661157,0.984126984,9.98E-08,3.11E-07,3.27E-08,1.82E-08,1.06E-07,5.67E-09,0.258827145,-0.416013248,-4.83E-05,0.081332451,0.006614968
808.3555556,74.40241705,266.717988,64077.44079,0.480446927,0.51396648,0.934782609,4.64E-08,1.52E-07,1.46E-08,9.40E-08,3.75E-07,2.81E-08,0.265263061,-0.404592028,3.82E-05,0.081824574,0.006695261
761.4788732,78.81673496,287.8955202,69754.76022,0.512367491,0.526501767,0.973154362,6.10E-08,2.04E-07,2.00E-08,4.36E-09,4.98E-08,9.10E-10,0.25223217,-0.41471804,-3.53E-05,0.084706277,0.007175153
721.6806387,82.99647017,230.374479,54485.06534,0.462,0.514,0.898832685,3.20E-09,8.63E-08,5.78E-10,3.36E-08,8.34E-08,1.21E-08,0.268720701,-0.423479976,-4.42E-06,0.077964679,0.006078491
759.9251101,79.00494287,187.3263052,41174.12039,0.428256071,0.507726269,0.843478261,2.28E-09,1.15E-07,3.41E-10,3.87E-08,1.32E-07,1.28E-08,0.270828732,-0.417471724,3.50E-06,0.080677665,0.006508886
756.9072848,79.25539498,209.7969315,49590.56532,0.466814159,0.519911504,0.89787234,1.91E-09,1.03E-07,3.27E-10,1.33E-09,2.08E-08,1.20E-10,0.281591691,-0.40679611,-3.46E-06,0.080080465,0.006412881
731.8397436,82.05029622,230.7766897,50015.58228,0.575562701,0.591639871,0.972826087,2.42E-07,7.76E-07,7.58E-08,5.99E-10,2.17E-08,5.74E-11,0.254908215,-0.393214278,-6.88E-05,0.078996889,0.006240508
774.9583333,77.43518574,245.0666909,57650.46222,0.451697128,0.493472585,0.915343915,2.28E-10,4.52E-08,3.89E-12,1.95E-08,3.37E-08,6.63E-09,0.280313457,-0.40204046,7.33E-08,0.081731165,0.006679983
737.528169,81.26574088,228.4794892,55131.41082,0.477647059,0.52,0.918552036,5.35E-10,3.65E-08,1.78E-10,1.54E-08,6.97E-08,5.15E-09,0.261998959,-0.419044221,-2.72E-06,0.07891528,0.006227621
787.4892473,76.18711338,321.9081556,65323.91887,0.486486486,0.486486486,1,2.77E-07,6.78E-07,8.70E-08,2.28E-08,1.44E-07,6.36E-09,0.236486464,-0.406839201,-9.33E-05,0.083788543,0.00702052
790.3863636,75.56621294,287.0963894,79462.91337,0.457142857,0.497142857,0.91954023,6.54E-08,2.34E-07,2.12E-08,3.25E-09,7.10E-08,5.95E-10,0.257968086,-0.417227151,-4.60E-05,0.080135364,0.006421677
810.4754464,74.1034147,285.3166484,37811.72815,0.494407159,0.494407159,1,4.03E-10,8.81E-08,1.19E-10,1.60E-07,5.46E-07,5.36E-08,0.811058814,-0.72572936,2.06E-06,0.170773346,0.029163536
836.6869565,71.84176152,310.2312053,44735.23575,0.493449782,0.497816594,0.99122807,1.26E-07,5.55E-07,3.88E-08,7.99E-09,1.80E-08,3.06E-09,0.722319743,-0.674517388,-5.25E-05,0.168714148,0.028464464
825.0511364,72.75816474,320.4989656,31733.89505,0.502857143,0.502857143,1,5.58E-09,2.59E-07,3.51E-10,1.33E-07,5.18E-07,3.88E-08,0.74792946,-0.698390557,5.26E-06,0.173098061,0.029962939
769.3950178,77.98708512,225.2629573,87384.64207,0.310714286,0.375,0.828571429,9.51E-08,8.81E-07,2.89E-08,3.66E-07,9.41E-07,1.20E-07,0.703446911,-0.691711997,4.24E-05,0.182089794,0.033156693
779.2494624,77.04453207,300.3346847,74100.72645,0.454741379,0.49137931,0.925438596,4.72E-08,3.25E-07,1.57E-08,5.92E-09,7.35E-08,1.54E-09,0.84107325,-0.748688061,-2.36E-05,0.176461004,0.031138486
797.4652778,75.18492366,289.8638811,34238.3848,0.498839907,0.501160093,0.99537037,3.45E-08,2.73E-07,1.00E-08,8.54E-08,2.74E-07,2.79E-08,0.764235064,-0.708007403,1.95E-05,0.171245179,0.029324911
808.0801887,74.1928257,308.094338,43178.37812,0.491725768,0.501182033,0.981132075,1.09E-08,1.84E-07,2.64E-09,5.93E-08,2.41E-07,1.94E-08,0.755968779,-0.714244132,9.96E-06,0.174082246,0.030304628
838.8786765,71.56463536,340.243799,52466.08705,0.501845018,0.505535055,0.99270073,4.63E-07,1.26E-06,1.45E-07,1.45E-07,5.97E-07,4.48E-08,0.762071172,-0.726017511,-9.53E-05,0.176149027,0.03102848
802.7702703,74.61936081,275.2538136,46161.25844,0.47696477,0.487804878,0.977777778,9.40E-08,4.01E-07,2.97E-08,4.92E-08,2.45E-07,1.54E-08,0.852580317,-0.738555666,3.67E-05,0.177156278,0.031384347
889.5508475,67.56285248,335.4717833,116621.3529,0.441926346,0.498583569,0.886363636,1.70E-07,6.91E-07,5.92E-08,6.77E-09,1.01E-07,1.90E-09,0.73604533,-0.733350051,-4.96E-05,0.161847032,0.026194462
788.7688172,76.18711338,309.9604596,92957.94939,0.454054054,0.464864865,0.976744186,4.01E-08,4.82E-07,9.64E-09,8.17E-08,2.63E-07,2.44E-08,0.720066116,-0.693398619,3.08E-05,0.17235398,0.029705894
773.3370166,77.70085172,309.5466959,105107.667,0.477777778,0.477777778,1,1.30E-07,3.70E-07,4.76E-08,2.39E-08,9.79E-08,6.86E-09,0.737778475,-0.679949717,6.92E-05,0.166742827,0.02780317
1004.65374,59.74484659,263.3591675,87471.20942,0.263888889,0.308333333,0.855855856,5.19E-08,1.81E-07,1.76E-08,1.77E-09,8.05E-09,6.17E-10,0.659384363,-0.518791978,-2.51E-05,0.161889601,0.026208243
1044.63587,57.53560988,261.8622923,93425.08477,0.31147541,0.355191257,0.876923077,8.47E-08,4.70E-07,2.41E-08,1.95E-07,5.44E-07,6.30E-08,0.600192125,-0.502490227,-4.13E-05,0.165295866,0.027322723
1084.343284,55.49351548,277.1127581,121550.3874,0.278195489,0.360902256,0.770833333,3.96E-07,1.15E-06,1.21E-07,3.10E-07,9.78E-07,9.47E-08,0.58190556,-0.500571307,-0.000109731,0.160847031,0.025871767
1019.839623,58.90513876,290.8723988,100070.6835,0.289099526,0.36492891,0.792207792,4.00E-07,1.25E-06,1.28E-07,5.35E-10,7.97E-09,5.41E-11,0.605478253,-0.4736528,-8.95E-05,0.155761936,0.024261781
1041.261494,57.70073325,291.0611492,100821.7757,0.293948127,0.337175793,0.871794872,1.21E-06,3.21E-06,4.28E-07,4.23E-08,9.33E-08,1.50E-08,0.597878468,-0.517633553,-0.000123533,0.159576287,0.025464591
1018.011799,59.03666061,279.058133,84239.22398,0.295857988,0.331360947,0.892857143,1.11E-09,4.08E-08,2.79E-10,6.79E-08,2.07E-07,2.25E-08,0.611751212,-0.510340101,3.25E-06,0.160912352,0.025892785
1015.606509,59.1796892,235.2070277,85314.45402,0.222551929,0.272997033,0.815217391,5.45E-09,5.18E-08,2.08E-09,5.39E-08,1.45E-07,1.79E-08,0.650880555,-0.501170864,-8.96E-06,0.160264344,0.02568466
983.7974138,61.0789745,264.0019727,78759.41962,0.337662338,0.402597403,0.838709677,1.71E-07,4.74E-07,5.43E-08,1.79E-07,5.57E-07,5.59E-08,0.599494823,-0.489824876,-5.82E-05,0.15946039,0.025427616
1156.575875,51.89163097,202.7386415,69598.34705,0.19140625,0.26171875,0.731343284,3.40E-08,1.26E-07,1.11E-08,2.36E-07,6.56E-07,7.69E-08,0.613505936,-0.49799188,2.24E-05,0.164307062,0.026996811
1015.087097,59.18886513,240.2577934,86358.90532,0.233009709,0.294498382,0.791208791,1.36E-07,4.21E-07,4.73E-08,5.26E-09,2.86E-08,1.97E-09,0.627853471,-0.521927708,4.44E-05,0.159430038,0.025417937
1033.464789,58.26073376,273.8266673,99697.06121,0.276595745,0.361702128,0.764705882,1.22E-07,5.33E-07,3.54E-08,2.66E-07,7.49E-07,8.12E-08,0.589337871,-0.496745475,-5.93E-05,0.162399219,0.026373506
998.8357143,60.1968137,295.1169339,117419.7896,0.316546763,0.381294964,0.830188679,3.60E-07,1.00E-06,1.19E-07,5.69E-08,2.18E-07,1.85E-08,0.580867779,-0.481653705,-0.00010885,0.149469415,0.022341106
744.5462012,80.54001419,206.1488967,51959.38042,0.481481481,0.483539095,0.995744681,1.18E-09,2.90E-07,3.74E-10,4.37E-08,1.40E-07,1.50E-08,0.399368805,-0.324993183,-3.65E-06,0.079592108,0.006334904
700.5729927,85.52590657,409.7097312,182357.079,0.435897436,0.47985348,0.908396947,8.78E-08,2.50E-07,2.96E-08,6.79E-09,5.10E-08,2.11E-09,0.343053139,-0.292694904,-4.60E-05,0.0740123,0.005477821
726.31,82.6236786,449.7211039,178605.2114,0.462311558,0.512562814,0.901960784,2.94E-08,1.92E-07,8.73E-09,6.47E-09,1.95E-08,1.95E-09,0.351595955,-0.262367454,2.95E-05,0.076171138,0.005802042
725.986532,82.41188427,463.8570294,167792.8843,0.462837838,0.489864865,0.944827586,6.76E-08,4.07E-07,2.21E-08,1.75E-08,7.84E-08,5.57E-09,0.364099183,-0.270135921,3.71E-05,0.078476088,0.006158496
764.649789,78.5325166,287.7869426,117512.7276,0.4397463,0.44820296,0.981132075,3.70E-08,3.97E-07,1.35E-08,3.51E-09,3.43E-08,1.16E-09,0.370333572,-0.276850804,-2.19E-05,0.076690721,0.005881467
767.9153675,78.13675669,497.7473373,147047.0265,0.444196429,0.457589286,0.970731707,5.75E-10,1.48E-07,9.94E-11,5.92E-09,2.14E-08,2.07E-09,0.375821277,-0.289049635,-1.94E-06,0.082464563,0.006800404
759.4557522,79.08082363,504.3044535,153948.8435,0.461197339,0.481152993,0.958525346,6.09E-08,3.53E-07,1.98E-08,3.18E-08,1.03E-07,1.05E-08,0.353092164,-0.265355466,-2.76E-05,0.077435965,0.005996329
762.8361204,78.64245644,460.407018,165620.2573,0.419463087,0.453020134,0.925925926,1.05E-07,5.82E-07,3.23E-08,8.55E-09,4.97E-08,2.53E-09,0.355597134,-0.266824828,-4.49E-05,0.078183153,0.006112605
726.3878049,82.66457491,450.5818756,173077.7817,0.447432763,0.498777506,0.897058824,2.15E-10,5.98E-08,3.29E-11,3.60E-10,6.48E-09,1.13E-10,0.376481448,-0.282754559,1.21E-06,0.074869051,0.005605375
778.9131514,76.88842931,269.2477769,93362.28178,0.457711443,0.465174129,0.983957219,2.44E-09,2.50E-07,5.16E-10,6.37E-09,3.36E-08,2.08E-09,0.397569674,-0.302495361,4.57E-06,0.082399807,0.006789728
760.4196891,79.03903741,509.3018233,151812.6945,0.447916667,0.473958333,0.945054945,8.84E-08,3.38E-07,2.68E-08,5.35E-10,3.91E-08,9.30E-12,0.352926993,-0.272940675,-5.17E-05,0.0775734,0.006017632
735.9789474,81.54320153,473.7565953,173249.4539,0.423280423,0.444444444,0.952380952,2.65E-07,7.44E-07,8.73E-08,2.99E-10,3.71E-08,1.04E-11,0.337101619,-0.254611707,-9.34E-05,0.074026895,0.005479981
781.9849138,76.7440709,324.1976108,76024.44781,0.494600432,0.494600432,1,2.79E-06,3.86E-06,2.58E-06,1.18E-08,5.89E-08,3.93E-09,0.336328807,-0.441570909,-0.000329256,0.072422842,0.005245068
789.7242798,75.88480438,346.8309513,65116.81617,0.491735537,0.491735537,1,5.72E-10,5.13E-09,1.55E-10,1.64E-09,1.99E-08,4.56E-10,0.262355778,-0.265595355,3.31E-06,0.069332067,0.004806936
813.8826816,73.99135397,341.5806226,74130.74792,0.47752809,0.483146067,0.988372093,8.07E-08,2.58E-07,2.43E-08,1.34E-07,3.54E-07,4.11E-08,0.283754401,-0.31499143,-4.93E-05,0.068782,0.004730964
813.1879699,73.83883591,401.0728488,122482.7184,0.479245283,0.479245283,1,3.60E-09,1.83E-08,1.10E-09,5.75E-09,2.98E-08,1.80E-09,0.267816285,-0.286196351,8.27E-06,0.065279657,0.004261434
797.6740088,75.22588432,343.5887469,79861.02005,0.494481236,0.494481236,1,3.67E-08,1.26E-07,1.26E-08,1.93E-09,7.71E-09,6.14E-10,0.287405308,-0.300487224,-2.12E-05,0.068946807,0.004753662
773.6457399,77.61584498,323.5844946,40510.07132,0.496629213,0.496629213,1,2.00E-10,4.67E-10,7.51E-11,1.63E-08,6.03E-08,5.30E-09,0.272381219,-0.289750121,-1.70E-06,0.069125639,0.004778354
758.8561947,79.08082363,321.9961753,55783.45165,0.496674058,0.496674058,1,3.87E-08,1.11E-07,1.29E-08,5.12E-08,1.43E-07,1.71E-08,0.27626666,-0.288740466,-2.23E-05,0.067390358,0.00454146
790.6574394,76.02104123,337.2897384,41337.24382,0.5,0.503472222,0.993103448,1.22E-07,2.83E-07,3.92E-08,1.75E-09,1.03E-08,4.89E-10,0.261202291,-0.274398222,4.95E-05,0.068122332,0.004640652
852.9570201,70.3956234,392.766135,126197.9114,0.456896552,0.462643678,0.98757764,2.71E-09,4.85E-08,3.44E-10,2.98E-08,8.77E-08,9.54E-09,0.260628947,-0.285880722,3.78E-06,0.067328001,0.00453306
762.4043584,78.79160825,290.7140025,54956.19427,0.495145631,0.497572816,0.995121951,4.50E-09,4.70E-08,1.22E-09,1.23E-08,5.45E-08,4.15E-09,0.311710891,-0.300722034,7.08E-06,0.073462194,0.005396694
801.7322404,74.96486022,382.5009502,115086.4851,0.478021978,0.478021978,1,1.40E-07,3.62E-07,4.33E-08,1.31E-08,5.50E-08,3.83E-09,0.255685579,-0.279351228,-6.58E-05,0.06751848,0.004558745
820.2865497,73.43157415,327.8475308,89073.79006,0.470588235,0.494117647,0.952380952,3.58E-08,1.49E-07,1.13E-08,3.47E-10,6.05E-09,9.66E-12,0.26999297,-0.291037007,-3.35E-05,0.06504409,0.004230734
736.4178499,81.53026027,324.0583386,106816.0435,0.569105691,0.573170732,0.992907801,2.66E-08,1.06E-07,8.72E-09,3.60E-09,1.20E-08,1.19E-09,0.254307143,-0.323536197,1.76E-05,0.07043995,0.004961787
737.2769231,81.17186042,364.3216431,147417.9503,0.583011583,0.606177606,0.961783439,4.09E-08,1.50E-07,1.30E-08,1.42E-08,3.93E-08,4.50E-09,0.270504068,-0.337629178,3.04E-05,0.067767692,0.00459246
748.6701031,80.15730014,358.0096207,150565.3381,0.528497409,0.554404145,0.953271028,4.71E-08,1.82E-07,1.37E-08,1.02E-08,2.88E-08,2.91E-09,0.25553162,-0.322091807,-3.69E-05,0.068875571,0.004743844
736.2959184,81.58223443,339.312722,142234.6114,0.549488055,0.559726962,0.981707317,4.61E-07,1.20E-06,1.51E-07,9.52E-08,2.23E-07,3.20E-08,0.236605218,-0.311156557,9.72E-05,0.07007201,0.004910087
732.1515152,82.00448049,298.6938036,106858.2172,0.518218623,0.532388664,0.97338403,3.69E-08,1.43E-07,1.26E-08,1.16E-09,2.16E-08,3.18E-10,0.304092544,-0.33106617,2.12E-05,0.069784622,0.004869893
737.3397436,81.43586419,353.1495367,153560.1377,0.554603854,0.584582441,0.948717949,4.77E-08,1.15E-07,1.62E-08,2.83E-08,7.12E-08,9.52E-09,0.258809145,-0.342635115,2.49E-05,0.064869417,0.004208041
725.6490486,82.74682207,334.0088455,160294.9619,0.451271186,0.552966102,0.816091954,1.14E-07,3.18E-07,3.81E-08,1.86E-09,5.61E-09,5.92E-10,0.224888149,-0.37515791,-3.82E-05,0.060018237,0.003602189
729.1597444,82.31243774,313.4250018,150983.4779,0.445512821,0.509615385,0.874213836,2.87E-09,4.45E-08,4.62E-10,5.26E-08,1.46E-07,1.64E-08,0.2268899,-0.326833981,5.23E-06,0.060500496,0.00366031
746.7067669,80.45214103,368.4132516,129086.1602,0.615577889,0.623115578,0.987903226,1.02E-07,2.89E-07,3.32E-08,5.66E-08,1.23E-07,1.89E-08,0.267605793,-0.337466851,3.89E-05,0.069168502,0.004784282
735.1775701,81.64637666,311.4113541,114913.4759,0.531615925,0.56206089,0.945833333,5.01E-08,1.55E-07,1.71E-08,4.45E-08,1.09E-07,1.56E-08,0.268247254,-0.327919147,2.67E-05,0.072891485,0.005313169
730.3681592,82.29837916,310.8201255,100618.0409,0.58,0.585,0.991452991,3.49E-07,1.01E-06,1.06E-07,2.90E-07,7.68E-07,8.87E-08,0.254868463,-0.318626966,0.000103112,0.071414059,0.005099968
752.6935484,79.8354905,356.157784,108628.5181,0.648648649,0.648648649,1,2.90E-07,7.58E-07,9.53E-08,1.27E-08,2.74E-08,4.32E-09,0.224749214,-0.312998976,-9.76E-05,0.069854351,0.00487963
