,min GSR,mean GSR,number of peaks,number of valleys,mean time between peaks,median time between peaks,mean height of peaks,median height of peaks,variance height of peaks,ratio of peaks,ratio of valleys
0,3.3174027889061755,3.5601462428099686,10,3,126117,123327.0,0.01626245047628406,0.009380334960523273,0.00034732555780658196,2.750683544860898e-05,8.252050634582693e-06
0,4.043869449130206,5.56749601282211,8,3,67938,57480.0,0.1358930880325393,0.0833386734319379,0.015210998742733895,4.146710621799258e-05,1.5550164831747215e-05
0,2.393336904696354,4.072887837210284,6,3,41394,40761.0,0.10181956846563389,0.12570226973030113,0.003313117505741424,4.1106307762926224e-05,2.0553153881463112e-05
0,3.21355582278412,5.407625222691979,11,3,99293,99595.5,0.20758610957682797,0.14682362043460692,0.028586693845154026,5.070082365792615e-05,1.3827497361252587e-05
0,2.973925920987004,3.232516924075603,7,3,98438,77690.5,0.013797683143287557,0.005141211606370452,0.00032615188391947993,1.9288688286530708e-05,8.266580694227446e-06
0,3.425198681782038,3.7514888230064183,5,3,63597,69602.0,0.04658236326789056,0.020549186518801034,0.002172574179957716,1.4469769757023627e-05,8.681861854214176e-06
0,3.3208830759753662,4.9800601786990235,14,3,126543,98948.0,0.11354107021555665,0.10391799267940606,0.007133933884287212,4.073331607016604e-05,8.728567729321296e-06
0,3.305709827995531,4.017253710122792,9,3,95736,86642.5,0.047702051551880814,0.02328965016653802,0.0028911291096705184,3.9321228220408593e-05,1.310707607346953e-05
0,1.8598189923395725,4.736634643339532,12,3,95287,106329.0,0.2147229468755611,0.24162455838880798,0.02044982845579914,4.022607051630162e-05,1.0056517629075404e-05
0,2.9055347749384817,3.07946548150494,8,3,147429,149419.0,0.0034619826047158193,0.0019518312464735941,1.9062947889256586e-05,2.5375719243042294e-05,9.515894716140861e-06
0,2.9553641711973744,4.288023540195486,6,3,48687,50700.0,0.1903780375126682,0.1759903030855753,0.004698219819985309,4.0741771859658174e-05,2.0370885929829087e-05
0,3.136484549834692,4.198029791734247,6,3,73542,73543.0,0.08417255832855637,0.08562027330189924,0.0040109309723143916,4.269277567081024e-05,2.134638783540512e-05
0,8.370944838089413,9.118960539388125,6,3,212170,247136.0,0.22549138257309026,0.21320812673262152,0.02443237777878371,1.6504101269165386e-05,8.252050634582693e-06
0,6.552884504789379,7.602410703259724,6,3,103778,108125.0,0.1396507718439774,0.14358163262048004,0.012450007327512282,3.110032966349443e-05,1.5550164831747215e-05
0,8.062103702541753,8.898573820862815,5,3,79398,86931.0,0.24397089257805354,0.15450395796869326,0.06123766727820318,3.4255256469105186e-05,2.0553153881463112e-05
0,8.886335770289776,12.670258585795068,12,3,108306,110195.0,0.23076046119568555,0.21032948103080623,0.013893253331482574,5.530998944501035e-05,1.3827497361252587e-05
0,6.842081450674469,9.473160296384947,10,3,107956,78734.0,0.20931358032678077,0.18204619920980947,0.02344748268560269,2.7555268980758155e-05,8.266580694227446e-06
0,8.481505300181778,10.08543413097295,14,3,133050,114238.0,0.16840519955714,0.1437750886280587,0.0218846607751085,4.0515355319666154e-05,8.681861854214176e-06
0,8.879638517764686,9.30705810134537,13,3,158514,152934.0,0.05715104763300046,0.03123394554330182,0.0032365831926916672,3.7823793493725614e-05,8.728567729321296e-06
0,9.564769992587392,10.291864343538927,11,3,105865,106893.0,0.08782022954329517,0.07483820123335955,0.0026460391045701756,4.805927893605495e-05,1.310707607346953e-05
0,8.760074798412422,10.503232035186969,15,3,137201,132985.0,0.27686668869145065,0.27680683314509436,0.020100536448611,5.0282588145377016e-05,1.0056517629075404e-05
0,8.743960200779068,9.480927407433079,5,3,128410,142753.5,0.24259536194102235,0.10143143558266356,0.09547986775952125,1.5859824526901435e-05,9.515894716140861e-06
0,7.654496571419434,10.215845873900403,6,3,77076,77938.0,0.22559463774879235,0.24396182078512516,0.017387862020371413,4.0741771859658174e-05,2.0370885929829087e-05
0,8.370212597209697,9.11519300917355,4,3,52458,38564.0,0.09473099381955265,0.04097900348704346,0.014849530470657998,2.8461850447206826e-05,2.134638783540512e-05
0,2.2919603398840103,2.400253074166421,18,3,190026,199082.0,0.008020778207174185,0.006810978605299727,4.143481627511128e-05,4.9512303807496165e-05,8.252050634582693e-06
0,4.350224414400442,5.2099467498944945,12,3,105436,109055.0,0.1383729497445554,0.12550424679462135,0.007269700126816479,6.220065932698886e-05,1.5550164831747215e-05
0,5.302214778811804,6.820880318036457,10,3,70414,76359.0,0.21853234848126132,0.2456157410219251,0.019213248354720887,6.851051293821037e-05,2.0553153881463112e-05
0,2.081209196251177,2.4079232999686213,9,3,99784,108366.0,0.021438102671880607,0.014938898704233037,0.00038075959850551624,4.148249208375776e-05,1.3827497361252587e-05
0,1.872529099937778,2.1838966595276728,9,3,106586,93806.5,0.009109772108818016,0.005573527811699711,0.00011872347183708613,2.479974208268234e-05,8.266580694227446e-06
0,2.270043404092159,2.3550904663555814,12,3,177960,134980.0,0.0078995292986299,0.00735968301303188,3.3665188514575244e-05,3.4727447416856705e-05,8.681861854214176e-06
0,3.090881636205087,3.31872289403755,10,3,122476,120421.0,0.05805282329282716,0.030245479207352488,0.0031840508968596112,2.9095225764404318e-05,8.728567729321296e-06
0,2.5258564682556996,2.726846388910957,7,3,79558,77414.0,0.029351464684693667,0.018655320606431845,0.0008784718071767955,3.058317750476224e-05,1.310707607346953e-05
0,4.280052258369012,7.54875153314497,18,3,111986,104394.0,0.2404654793498019,0.2595606324776741,0.02778739988002837,6.033910577445242e-05,1.0056517629075404e-05
0,1.8611786961002994,1.8853892803249594,15,3,172673,182376.5,0.0018253680507094724,0.0012331360356912398,2.0045025958375206e-06,4.75794735807043e-05,9.515894716140861e-06
0,2.153538531099387,2.2857313229655625,7,3,73210,74529.0,0.008238424671804481,0.004320317515307812,5.199325369921829e-05,4.7532067169601205e-05,2.0370885929829087e-05
0,2.081282415662654,2.1421459014182194,7,3,61108,66490.0,0.0030476273469759807,0.0019555955604693745,1.3282007161527553e-05,4.9808238282611946e-05,2.134638783540512e-05
0,6.976835063290217,7.769102711605733,11,3,109566,112015.0,0.11262939932156035,0.06823692286842492,0.0067014559851379645,3.0257518993469876e-05,8.252050634582693e-06
0,5.978055419642567,6.178072304086477,4,3,87475,79747.0,0.002364282499890771,0.0007298545178279349,1.109576565798946e-05,2.073355310899629e-05,1.5550164831747215e-05
0,6.219347528232239,6.596207526740041,2,3,17269,17269.0,0.06999722450855095,0.06999722450855095,0.002562556843321423,1.3702102587642075e-05,2.0553153881463112e-05
0,6.310845743805652,10.081585712756224,13,3,98928,95422.5,0.09732798172679893,0.08948541392268128,0.002720472145605558,5.9919155232094547e-05,1.3827497361252587e-05
0,6.516076586341611,6.837263047229317,5,3,212209,211787.0,0.030506429206475713,0.01576882736398057,0.0010566679098801138,1.3777634490379077e-05,8.266580694227446e-06
0,7.436265874267692,7.66766730463757,13,3,192271,198624.5,0.04791341091589383,0.040782626971878386,0.001548371634000752,3.7621401368261426e-05,8.681861854214176e-06
0,7.880493066666076,8.740084992101346,15,3,139522,126427.0,0.17970077372955093,0.19113373754252044,0.013172642456590817,4.364283864660648e-05,8.728567729321296e-06
0,7.239407027421531,7.8742679492780985,8,3,87011,73292.0,0.1598306332866266,0.11898452289552693,0.033054342132543935,3.4952202862585413e-05,1.310707607346953e-05
0,6.6685581444518265,8.096884518294665,10,3,167912,175106.0,0.1246083908533221,0.1197878934165393,0.00517907954410446,3.3521725430251344e-05,1.0056517629075404e-05
0,6.192187272311082,6.554662631150224,2,3,18009,18009.0,0.042732478020561605,0.042732478020561605,0.0021142667406366463,6.343929810760574e-06,9.515894716140861e-06
0,7.347957402423597,8.458958026686293,8,3,72755,72677.0,0.0794296074752847,0.08056417902729507,0.0008974716781184153,5.4322362479544237e-05,2.0370885929829087e-05
0,5.9388237178853975,6.321233280587053,5,3,72886,70608.5,0.031099504434538135,0.012985381719608727,0.0015172092233913395,3.5577313059008535e-05,2.134638783540512e-05
0,6.050964139155198,6.89773134007333,1,3,0,0.0,0.052250820766306064,0.052250820766306064,0.0,2.750683544860898e-06,8.252050634582693e-06
0,7.08455298356253,8.030846587052569,6,3,74179,50521.0,0.07635152192285942,0.02674454935671848,0.011007615829884498,3.110032966349443e-05,1.5550164831747215e-05
0,7.265675753488545,7.740370543186934,5,3,47775,51324.5,0.022572199804638305,0.024887114754311945,0.00026332502818770127,3.4255256469105186e-05,2.0553153881463112e-05
0,6.260671749504541,7.337357582990839,9,3,98044,105043.0,0.08461286539056169,0.053463062297954445,0.0038412243887395348,4.148249208375776e-05,1.3827497361252587e-05
0,5.531713879350506,6.336071576281611,6,3,223558,221004.0,0.009636132849889439,0.004143314478800669,0.00010788203480403104,1.6533161388454893e-05,8.266580694227446e-06
0,5.586597163768519,6.945498812899706,10,3,213931,219818.0,0.16075554534373881,0.12974159061648285,0.016282070963929002,2.8939539514047253e-05,8.681861854214176e-06
0,5.96947214385706,6.740194069644221,8,3,163380,97471.0,0.051331629610292535,0.029426494641038407,0.003257689572675492,2.3276180611523454e-05,8.728567729321296e-06
0,6.393510670374009,7.2903710734105,4,3,47531,33233.0,0.24839353523666768,0.1648054004681726,0.06098232376870938,1.7476101431292707e-05,1.310707607346953e-05
0,7.503763636479734,8.605299250862133,10,3,93681,76735.0,0.10826748752145336,0.06036783308323197,0.00914888116214186,3.3521725430251344e-05,1.0056517629075404e-05
0,7.025535603758203,8.200142133712399,9,3,122369,110340.0,0.22417748054891215,0.17139601279482072,0.02816758544057041,2.8547684148422582e-05,9.515894716140861e-06
0,6.739013321424472,6.959217353143198,7,3,60869,62176.5,0.032389802037140314,0.01607657420109541,0.001003979843230593,4.7532067169601205e-05,2.0370885929829087e-05
0,7.44596293989294,7.921208622559285,8,3,75908,92579.0,0.0993637460872513,0.057799241313314466,0.006047752762019562,5.692370089441365e-05,2.134638783540512e-05
0,17.946145286608388,18.868519855132593,7,3,180510,179375.5,0.2143677843192868,0.2429934952191221,0.020170452249716093,1.9254784814026286e-05,8.252050634582693e-06
0,21.470112574875376,22.950726850068197,8,3,81170,60579.0,0.18974519811251025,0.16874578175665172,0.01702712839903706,4.146710621799258e-05,1.5550164831747215e-05
0,20.76671309875593,21.969731338309224,6,3,76499,82027.0,0.2225583195319295,0.14760977395782932,0.04919187762138565,4.1106307762926224e-05,2.0553153881463112e-05
0,25.548331355923878,27.527658128586417,14,3,106292,101374.0,0.3737695132898086,0.38120214464903146,0.01432744322248966,6.452832101917874e-05,1.3827497361252587e-05
0,17.359299279899147,18.272441520859935,6,3,83725,63346.0,0.05313884390498321,0.029875340564063713,0.003313964392888283,1.6533161388454893e-05,8.266580694227446e-06
0,18.537770576461895,19.460266041703292,5,3,123258,135824.5,0.2933009917587014,0.24008215563995375,0.08913865540149057,1.4469769757023627e-05,8.681861854214176e-06
0,19.425444563625557,20.681557321932527,7,3,102497,62582.5,0.3167428099972247,0.1466123926012286,0.07473050302380083,2.036665803508302e-05,8.728567729321296e-06
0,19.725832841070442,20.606788790017383,8,3,103961,90816.0,0.22698257191863033,0.15082149435561182,0.047489800436593316,3.4952202862585413e-05,1.310707607346953e-05
0,23.372709173710792,24.784008106087658,21,3,150679,154033.0,0.2836676761990394,0.26913319522349644,0.035032365699906344,7.039562340352782e-05,1.0056517629075404e-05
0,16.99498965699889,17.595174638625394,11,3,137896,121142.5,0.04837062261822661,0.02615723443344669,0.0020663065397571604,3.489161395918316e-05,9.515894716140861e-06
0,26.394944242369526,27.909462810299143,14,3,73387,75458.0,0.26030398050838677,0.22067209571600968,0.023868412096724318,9.506413433920241e-05,2.0370885929829087e-05
0,24.50630680391885,25.808836036019347,7,3,65349,56624.5,0.3446202592440343,0.3737974296633658,0.04113198231551782,4.9808238282611946e-05,2.134638783540512e-05
0,8.079311133644525,8.98878308592916,8,3,159247,182264.0,0.0960303046071041,0.05978235140602205,0.011551025165173045,2.2005468358887183e-05,8.252050634582693e-06
0,6.694656317950825,7.8077118915432395,2,3,8413,8413.0,0.2746808614358013,0.2746808614358013,0.016152024366360675,1.0366776554498145e-05,1.5550164831747215e-05
0,6.764617331332558,7.577881065364088,2,3,124795,124795.0,0.24143251302212398,0.24143251302212398,0.09235933436858057,1.3702102587642075e-05,2.0553153881463112e-05
0,9.3878758288215,10.651712597358546,13,3,104427,110089.0,0.26353191827599837,0.22059145598487812,0.04430538534667393,5.9919155232094547e-05,1.3827497361252587e-05
0,8.518105533857568,9.715196099098959,5,3,155567,150034.5,0.23474370557204308,0.11964044230696419,0.10321256464442559,1.3777634490379077e-05,8.266580694227446e-06
0,5.881868538479038,6.503600787061069,3,3,205889,205889.0,0.22544582775147337,0.1344389700821877,0.06955214710823254,8.681861854214176e-06,8.681861854214176e-06
0,5.924463779991546,6.73953765045424,1,3,0,0.0,0.5068928271912492,0.5068928271912492,0.0,2.9095225764404317e-06,8.728567729321296e-06
0,6.28842118081801,6.7685582937053175,3,3,175215,175215.5,0.11808439853793783,0.1251117619631253,0.008123453142853336,1.310707607346953e-05,1.310707607346953e-05
0,7.248012042296543,7.87535507703684,10,3,140965,146023.0,0.12572346008279536,0.07944493519086276,0.013131574189271678,3.3521725430251344e-05,1.0056517629075404e-05
0,8.462489583046164,9.67218314711271,11,3,140956,102072.5,0.10157734199316415,0.05163937981463667,0.011657417201740052,3.489161395918316e-05,9.515894716140861e-06
0,9.476651371095226,11.031018924701785,7,3,58962,61062.0,0.7019555231394717,0.8245803446415192,0.07679374504422169,4.7532067169601205e-05,2.0370885929829087e-05
0,7.428583641212998,8.384868816911931,8,3,57252,55231.0,0.07516896848710136,0.08217226589785837,0.0042771130588113325,5.692370089441365e-05,2.134638783540512e-05
0,13.39068368668381,14.1369397401813,17,3,152652,154548.0,0.14085262488886405,0.14040899833528647,0.00950019746818336,4.676162026263526e-05,8.252050634582693e-06
0,13.929750446056639,14.645878993365889,8,3,80028,73902.0,0.14687509273789104,0.15800472639496893,0.011596818311578256,4.146710621799258e-05,1.5550164831747215e-05
0,14.692791590168644,15.214313344842848,10,3,68852,61501.0,0.130595357330467,0.1339999681685327,0.002114748362462734,6.851051293821037e-05,2.0553153881463112e-05
0,12.62898595687491,15.866321239676942,16,3,95744,93903.0,0.13048427430155993,0.11502708085442048,0.005687291501101236,7.374665259334713e-05,1.3827497361252587e-05
0,13.300699705098246,13.975972179562262,16,3,176005,165628.0,0.11210220066196663,0.08614946329841089,0.007049729078317965,4.408843036921305e-05,8.266580694227446e-06
0,10.225797901892001,11.128745400667917,13,3,131687,119591.0,0.08270271599537925,0.05182280464548958,0.006779059593081546,3.7621401368261426e-05,8.681861854214176e-06
0,11.137446755109096,12.19902429994571,12,3,174671,182921.0,0.025610874711924452,0.017404293521266094,0.0004821003771085033,3.4914270917285186e-05,8.728567729321296e-06
0,12.239829510474973,13.400089809017901,5,3,56441,35896.5,0.12276846703971289,0.07154270656008468,0.016228224420412607,2.1845126789115883e-05,1.310707607346953e-05
0,14.123647875459074,15.650490530658452,18,3,136777,130785.0,0.22411794820880274,0.24411217496107818,0.017203555886936027,6.033910577445242e-05,1.0056517629075404e-05
0,12.504005617453933,13.03269264828339,9,3,163632,177930.5,0.06745924826405725,0.03465741456189206,0.003964068386397561,2.8547684148422582e-05,9.515894716140861e-06
0,11.391871930641013,12.15596197643512,7,3,52912,55772.5,0.12109109123818715,0.11432515762671197,0.007597344694694861,4.7532067169601205e-05,2.0370885929829087e-05
0,11.988542076748201,12.33996718444092,6,3,55541,45503.0,0.07233626901500798,0.0675888442089199,0.001970885012530045,4.269277567081024e-05,2.134638783540512e-05
0,15.888837017148532,16.74669459093163,4,3,72379,67910.0,0.13281336379221337,0.08566709239898719,0.019110218388836125,1.1002734179443591e-05,8.252050634582693e-06
0,16.5840965858462,17.558031355536098,3,3,47268,47268.5,0.33845262007833254,0.1376940482684654,0.16083811426523648,1.5550164831747215e-05,1.5550164831747215e-05
0,16.981403748040375,18.23677805410503,2,3,18877,18877.0,0.43931577112081244,0.43931577112081244,0.17774034818537196,1.3702102587642075e-05,2.0553153881463112e-05
0,24.996346628861474,28.525744160745663,16,3,105475,102020.0,0.31225024474103713,0.3432980991748623,0.02252801390667642,7.374665259334713e-05,1.3827497361252587e-05
0,14.223672335844197,14.646021256000683,7,3,69895,72069.0,0.036134266759239086,0.028580766555056175,0.001201060405563148,1.9288688286530708e-05,8.266580694227446e-06
0,20.929876732719134,22.66268270673885,3,3,78202,78202.0,0.39655843391596846,0.13229548207635716,0.2404454772405705,8.681861854214176e-06,8.681861854214176e-06
0,20.32731860276272,21.704523954065035,10,3,93249,76055.0,0.12826331014274509,0.07445917504638967,0.015822132450613334,2.9095225764404318e-05,8.728567729321296e-06
0,19.123480008508853,19.67403780326722,5,3,69054,69171.5,0.07540309933335465,0.03759217901558298,0.00820417560781422,2.1845126789115883e-05,1.310707607346953e-05
0,18.76013251664397,21.02000214208324,12,3,107154,105653.0,0.3473789347364944,0.3116463698324337,0.05057108423308304,4.022607051630162e-05,1.0056517629075404e-05
0,14.945252246010272,15.430001163666555,8,3,139085,122270.0,0.021244092713879437,0.01049864989240401,0.0005706052470578135,2.5375719243042294e-05,9.515894716140861e-06
0,25.83293131513035,28.074049655028784,9,3,64207,62266.5,0.35862170804659627,0.3925670411983464,0.06223224799586751,6.111265778948726e-05,2.0370885929829087e-05
0,25.93185700687498,27.389059671856018,4,3,58882,35186.0,0.4412917858492777,0.21411463169017575,0.2871652732682002,2.8461850447206826e-05,2.134638783540512e-05
0,5.607995165383661,6.590896701153554,8,3,164255,169546.0,0.1678181198885193,0.10799631594328477,0.026228026784731007,2.2005468358887183e-05,8.252050634582693e-06
0,5.585863718582585,5.800869458713508,3,3,97449,97449.0,0.003730937622240508,0.0009827773307657262,2.401510351165955e-05,1.5550164831747215e-05,1.5550164831747215e-05
0,5.921002503615918,6.165967043894461,4,3,99608,100134.0,0.048834708690562764,0.03445691888037272,0.0024242824138943474,2.740420517528415e-05,2.0553153881463112e-05
0,6.884995404561618,7.566999036516683,12,3,116622,111173.0,0.05753973138928479,0.06170756175243345,0.0010404596819402893,5.530998944501035e-05,1.3827497361252587e-05
0,4.880850588685732,6.1633083863172144,2,3,18709,18709.0,0.6228633130430422,0.6228633130430422,0.5685444582507985,5.511053796151631e-06,8.266580694227446e-06
0,5.876078239841698,6.323627362893759,5,3,55528,60145.0,0.06798664889922869,0.034466759139400185,0.005643262724198468,1.4469769757023627e-05,8.681861854214176e-06
0,5.24347075053657,5.721734458415911,18,3,166976,169527.0,0.0014788655621769554,0.0012593114085088,6.448564761169007e-07,5.237140637592777e-05,8.728567729321296e-06
0,5.283538352839422,5.503517062267136,4,3,105671,143053.0,0.006541055086119457,0.006333825172911443,1.3421586898412103e-05,1.7476101431292707e-05,1.310707607346953e-05
0,7.018891784397991,8.356918523625321,19,3,143265,140898.0,0.27352794280789733,0.2844429338672449,0.03082632703980742,6.369127831747756e-05,1.0056517629075404e-05
0,6.268975670600355,6.925018285782596,11,3,140422,144483.0,0.2607889279906414,0.1389134656185762,0.05416984747662415,3.489161395918316e-05,9.515894716140861e-06
0,7.450130617050041,9.197698504504634,8,3,70730,72838.0,0.15190527945301185,0.11699172914201078,0.020048889410204027,5.4322362479544237e-05,2.0370885929829087e-05
0,5.624600628413773,5.816940295029854,7,3,61163,58563.0,0.0017400635337214108,0.0009017707641963032,2.616437183111431e-06,4.9808238282611946e-05,2.134638783540512e-05
0,3.2439445249805425,3.298878577884502,16,3,201229,225512.0,0.00244439257274155,0.0018918179639485348,6.0837826936586265e-06,4.4010936717774365e-05,8.252050634582693e-06
0,4.372631113697113,4.7114538073658006,3,3,20369,20369.0,0.022559182455482767,0.007341068176958595,0.0011947461235484152,1.5550164831747215e-05,1.5550164831747215e-05
0,4.516710653653374,4.757325643063962,5,3,35722,36056.0,0.04366596751686701,0.0492470198745487,0.0009892924524258012,3.4255256469105186e-05,2.0553153881463112e-05
0,4.387445500562164,5.4387306287463675,14,3,107289,106708.0,0.07399449111329967,0.060907016554874224,0.00249780062083627,6.452832101917874e-05,1.3827497361252587e-05
0,3.345361462193505,3.4270032856130594,9,3,145950,170476.0,0.0024766501489690974,0.0019613041079863482,6.469892406220288e-06,2.479974208268234e-05,8.266580694227446e-06
0,4.17706127925541,4.382786820974191,11,3,142970,123719.5,0.02426160678693951,0.012782755344522088,0.0005498611030471717,3.183349346545198e-05,8.681861854214176e-06
0,3.9806806812680184,4.203599387195544,10,3,144251,121360.0,0.015715563603539578,0.011019599542991799,0.00014062070751740346,2.9095225764404318e-05,8.728567729321296e-06
0,3.9624587226650627,4.085750102444416,1,3,0,0.0,0.04689147307427186,0.04689147307427186,0.0,4.369025357823177e-06,1.310707607346953e-05
0,4.6583323093052975,5.2901075413908645,14,3,136719,132878.0,0.05909216643671745,0.04632748260279966,0.0020301897797871146,4.693041560235188e-05,1.0056517629075404e-05
0,3.484892052842322,3.5683195683157716,6,3,116807,62945.0,0.0018004048261695443,0.0008690820668446348,5.888765437774498e-06,1.9031789432281723e-05,9.515894716140861e-06
0,3.8869732750280304,4.948746840948038,6,3,56209,55554.0,0.09281930622256271,0.09384879632791834,0.0016361035999428088,4.0741771859658174e-05,2.0370885929829087e-05
0,3.9395420113326782,4.079209257232827,5,3,58006,50008.5,0.012991774800505528,0.012839482479448468,9.17022110491557e-05,3.5577313059008535e-05,2.134638783540512e-05
0,10.298590603980815,11.009547876965254,22,3,172473,168581.0,0.13082356345557838,0.10347495964594486,0.008526267134572803,6.051503798693975e-05,8.252050634582693e-06
0,8.788750556229799,9.346906424124008,10,3,83711,94104.0,0.06471189302542615,0.026484916825590732,0.005185206042267268,5.1833882772490723e-05,1.5550164831747215e-05
0,10.119325364790145,10.956633025358869,9,3,69401,69447.5,0.13082117214767297,0.1375544893529818,0.009714237358624537,6.165946164438933e-05,2.0553153881463112e-05
0,9.037696544854738,10.27769185390376,13,3,115243,119926.0,0.1609752528975115,0.15101711479278007,0.0065164686571264705,5.9919155232094547e-05,1.3827497361252587e-05
0,10.656822523850794,11.858472915767251,13,3,124526,87456.0,0.15688796304153985,0.17481005573415492,0.012539507930923682,3.5821849674985604e-05,8.266580694227446e-06
0,7.827051872154883,8.249375193533215,19,3,174177,173608.5,0.059114898987078064,0.0441152515149971,0.0024839602205284582,5.498512507668978e-05,8.681861854214176e-06
0,7.342552228011107,8.220348610745733,16,3,116553,111427.0,0.09263737126757243,0.0741533116159955,0.0045429227287384685,4.655236122304691e-05,8.728567729321296e-06
0,7.798906752816868,8.422416877880764,9,3,92714,82126.0,0.1424641441076594,0.13529532072125744,0.013166694772303813,3.9321228220408593e-05,1.310707607346953e-05
0,9.711281533547607,11.071180054111668,20,3,136846,132252.0,0.14457201195825242,0.1305618665514603,0.009380977429848992,6.704345086050269e-05,1.0056517629075404e-05
0,10.457406740306284,11.277407966274145,14,3,130845,108102.0,0.1138888510661071,0.09058059601214544,0.009433239504680651,4.4407508675324014e-05,9.515894716140861e-06
0,8.912850263008309,9.581952601155256,9,3,80820,83620.0,0.1630822668341693,0.10955687115724377,0.021676641243275282,6.111265778948726e-05,2.0370885929829087e-05
0,8.301279628949512,9.227029705865252,9,3,64104,59506.5,0.09886046892856604,0.08371940330620478,0.004832490362271201,6.403916350621535e-05,2.134638783540512e-05
0,8.084771107126766,8.363044061223263,11,3,192018,214062.5,0.015558390795083664,0.008754191869796986,0.00020937390261348737,3.0257518993469876e-05,8.252050634582693e-06
0,11.456934989591995,12.351122760539523,5,3,92789,99771.5,0.15848905162348492,0.11876345949190853,0.03441843030499219,2.5916941386245362e-05,1.5550164831747215e-05
0,12.160338057261034,13.400781214778402,4,3,51299,44076.0,0.21706406734945202,0.13050813485740845,0.05731374616375554,2.740420517528415e-05,2.0553153881463112e-05
0,10.824236190154505,13.308413136712336,15,3,110428,111671.0,0.4618130766430429,0.47446150327530107,0.06585172154711454,6.913748680626293e-05,1.3827497361252587e-05
0,8.147533656777416,8.700347579691151,10,3,122701,85169.0,0.09623683132635248,0.0696640380238724,0.00738136648134043,2.7555268980758155e-05,8.266580694227446e-06
0,9.122741607562535,9.74181966853938,5,3,120480,72267.0,0.022852623260541414,0.021961163092468497,0.0002781464601132771,1.4469769757023627e-05,8.681861854214176e-06
0,9.921502626885072,10.692983850862262,9,3,147195,106901.5,0.031223528726202668,0.01648540298369612,0.0012227790168063094,2.6185703187963886e-05,8.728567729321296e-06
0,9.34325382579789,9.733088000066875,6,3,121426,144925.0,0.05024745033358384,0.03488992865112753,0.0030376848584757585,2.621415214693906e-05,1.310707607346953e-05
0,10.703419280737661,12.00038718181231,17,3,128445,112828.0,0.31092329681765374,0.19827361117776468,0.08954944560718082,5.698693323142729e-05,1.0056517629075404e-05
0,8.385098926777085,9.076477527057467,6,3,102582,82123.0,0.1647996375687885,0.09937148240152288,0.041969642908381746,1.9031789432281723e-05,9.515894716140861e-06
0,8.825957591272362,10.351261495720273,9,3,80709,83038.5,0.33923320094220794,0.4055990175373181,0.041215684081413156,6.111265778948726e-05,2.0370885929829087e-05
0,8.659433083031466,9.095284199057126,3,3,30583,30583.0,0.30093934550658974,0.2576638081196121,0.05101555335461699,2.134638783540512e-05,2.134638783540512e-05
0,7.527905374841445,8.301096912973875,3,3,112583,112583.0,0.23091484751581054,0.07255243088618028,0.07996656588606561,8.252050634582693e-06,8.252050634582693e-06
0,9.272349165274578,9.955245880078492,1,3,0,0.0,0.3233893479601062,0.3233893479601062,0.0,5.1833882772490725e-06,1.5550164831747215e-05
0,9.481225648992364,10.466895476420621,1,3,0,0.0,1.1190398999003497,1.1190398999003497,0.0,6.851051293821037e-06,2.0553153881463112e-05
0,11.22414671270637,12.404197471061565,14,3,109087,111049.0,0.3449792506817498,0.3428452617295339,0.06072345415951045,6.452832101917874e-05,1.3827497361252587e-05
0,7.830517946471338,8.518175770672398,3,3,41967,41967.5,0.28020868132408283,0.3449157166182124,0.04678332067950914,8.266580694227446e-06,8.266580694227446e-06
0,10.233687407677895,11.14560989571457,4,3,114873,93825.0,0.1675155973229267,0.08626109002499563,0.04069514193662625,1.15758158056189e-05,8.681861854214176e-06
0,9.580403353421222,10.580672391827026,3,3,41861,41861.0,0.1035725015046026,0.1355766503368542,0.006170082843640557,8.728567729321296e-06,8.728567729321296e-06
0,9.355612993173054,10.03968061759922,4,3,142331,120874.0,0.011446466896309782,0.004809773862364237,0.00020217529194968472,1.7476101431292707e-05,1.310707607346953e-05
0,8.782940701312645,9.702785395340253,6,3,83304,93954.0,0.3066234317481473,0.3334676900371695,0.05023022943728297,2.011303525815081e-05,1.0056517629075404e-05
0,7.589200301792618,8.281748937446395,3,3,25467,25467.0,0.14562400046007107,0.19059683682375567,0.009812676608898722,9.515894716140861e-06,9.515894716140861e-06
0,12.118218146489532,13.511219734087444,10,3,76962,79359.0,0.4886295630753318,0.5190350493702658,0.10405480445919027,6.79029530994303e-05,2.0370885929829087e-05
0,11.765413179805126,13.57949985421299,10,3,56354,50801.0,0.21305798031176645,0.22118995090424717,0.027989249551983328,7.115462611801707e-05,2.134638783540512e-05
0,8.202812636986355,8.398487921616175,5,3,95907,97323.5,0.043032457573816435,0.028929238234814796,0.0017617978533820283,1.375341772430449e-05,8.252050634582693e-06
0,7.170748921003897,7.312007860490317,8,3,106385,95636.0,0.0013214994421378403,0.000886064471781258,1.045624478288161e-06,4.146710621799258e-05,1.5550164831747215e-05
0,7.430609108140606,7.608772689846775,6,3,63496,58314.0,0.0030446613780756126,0.0016099683244067296,1.597899783804156e-05,4.1106307762926224e-05,2.0553153881463112e-05
0,10.232912565740198,12.818460977249766,17,3,106940,111545.5,0.18937440311665496,0.14448188315023225,0.02067626836029534,7.835581838043132e-05,1.3827497361252587e-05
0,7.831685210303796,8.247518628470884,7,3,151981,143598.5,0.06817144764162454,0.10020167763948344,0.003954368532466952,1.9288688286530708e-05,8.266580694227446e-06
0,9.228913015264864,9.537241476179112,9,3,120936,124653.5,0.052331559453121596,0.038291120226962266,0.0017266489436214495,2.604558556264253e-05,8.681861854214176e-06
0,8.487904507320941,8.955992775425203,5,3,48445,48680.5,0.11676311317418109,0.14096038789630633,0.00376374041070987,1.4547612882202159e-05,8.728567729321296e-06
0,8.566539626854206,8.804001406143515,10,3,112686,117058.0,0.0055130484593180025,0.004351951824864864,1.7965173185904282e-05,4.369025357823177e-05,1.310707607346953e-05
0,7.235457659146921,7.581255496093945,9,3,82881,87273.5,0.05197685190040753,0.03349494017994006,0.0018927641876742534,3.016955288722621e-05,1.0056517629075404e-05
0,7.946918827529106,8.291662325759912,8,3,138080,134172.0,0.006790480504613129,0.004984113258779822,2.757754858651467e-05,2.5375719243042294e-05,9.515894716140861e-06
0,10.923411774564412,11.667639509356158,10,3,75954,75492.0,0.1858839964501235,0.16058415441216517,0.022827689693646243,6.79029530994303e-05,2.0370885929829087e-05
0,9.790737574566377,10.06415980409509,2,3,20750,20750.0,0.08330305844730573,0.08330305844730573,0.009044465920244871,1.4230925223603413e-05,2.134638783540512e-05
0,7.328412114348854,8.09795918497888,4,3,225337,326204.0,0.025812372911252594,0.020766953494840753,0.000610400720522646,1.1002734179443591e-05,8.252050634582693e-06
0,6.532026794399916,6.906441799909943,3,3,67344,67344.5,0.07571456490061287,0.0836350855125837,0.0037734589933725252,1.5550164831747215e-05,1.5550164831747215e-05
0,6.686650226456444,6.8563583709680955,2,3,22836,22836.0,0.1115251240172394,0.1115251240172394,0.009013698826035666,1.3702102587642075e-05,2.0553153881463112e-05
0,7.990160961109304,9.539514779340521,16,3,108610,114240.0,0.11766628666083333,0.12022661248833177,0.006075829295344324,7.374665259334713e-05,1.3827497361252587e-05
0,7.1335268942272725,7.912120128800214,2,3,19631,19631.0,0.21718745577211457,0.21718745577211457,0.029983498085701308,5.511053796151631e-06,8.266580694227446e-06
0,6.039931555495408,6.413632332961672,1,3,0,0.0,0.16653255729576394,0.16653255729576394,0.0,2.893953951404725e-06,8.681861854214176e-06
0,5.7529532605122,6.117140620859628,1,3,0,0.0,0.07358068663344222,0.07358068663344222,0.0,2.9095225764404317e-06,8.728567729321296e-06
0,5.902385015340124,6.17875315036719,6,3,105195,103515.0,0.00473244316330668,0.0023659841990231146,3.3265195998469124e-05,2.621415214693906e-05,1.310707607346953e-05
0,6.901923047360686,7.0887456245860045,15,3,147678,137204.0,0.05178072551051498,0.0455782579838535,0.0016371763512507706,5.0282588145377016e-05,1.0056517629075404e-05
0,7.897151133080579,8.774825616053748,6,3,84291,60468.0,0.016317264306835468,0.006420202267469122,0.0004415712431843516,1.9031789432281723e-05,9.515894716140861e-06
0,7.974630964187991,9.280296657856216,8,3,57266,59767.0,0.21692484542689555,0.2431592786340978,0.013005266857213954,5.4322362479544237e-05,2.0370885929829087e-05
0,6.986322880963915,7.2058777410580905,4,3,73585,58588.0,0.0975593498515949,0.05958839706477882,0.011636613290824927,2.8461850447206826e-05,2.134638783540512e-05
0,17.945412062459862,19.271907022749446,8,3,221080,202386.0,0.32366672398008645,0.3769138588787889,0.04362750145723585,2.2005468358887183e-05,8.252050634582693e-06
0,18.413268417912054,19.081598369495026,8,3,119401,127482.0,0.19079794499955724,0.16550021025909606,0.02565764019499265,4.146710621799258e-05,1.5550164831747215e-05
0,18.457512785690362,18.977078668136553,4,3,53426,38916.0,0.18985920508656626,0.14924841909595563,0.031233697918790885,2.740420517528415e-05,2.0553153881463112e-05
0,16.306793863111736,18.414760552511076,11,3,99666,101932.5,0.40858771972587893,0.3897128674188973,0.0609703559676994,5.070082365792615e-05,1.3827497361252587e-05
0,18.610187023966905,19.52591568798114,9,3,145518,143939.0,0.3363738606947194,0.15428907249592844,0.113232856372952,2.479974208268234e-05,8.266580694227446e-06
0,16.428977900769855,17.00481976326436,11,3,167831,155982.5,0.07572988659316647,0.05023689828486081,0.004747543372673587,3.183349346545198e-05,8.681861854214176e-06
0,17.607461901718416,18.472964870348594,12,3,195909,220464.0,0.2486521460577215,0.13719235138102992,0.049667219838286134,3.4914270917285186e-05,8.728567729321296e-06
0,18.016747187455984,18.66550286549109,7,3,121470,141999.5,0.118629065390221,0.05365557195841075,0.013907824957343525,3.058317750476224e-05,1.310707607346953e-05
0,19.738042623955884,21.108134052212996,16,3,145738,148453.0,0.39030578335298827,0.35193653628814325,0.08297206651588566,5.3634760688402156e-05,1.0056517629075404e-05
0,16.723518091074812,17.949019707102828,6,3,179351,178837.0,0.18708217200690708,0.08639901015152213,0.04026213341508103,1.9031789432281723e-05,9.515894716140861e-06
0,16.96824010028049,18.933598428683155,6,3,52813,51722.0,0.6034570288437054,0.48690912395820185,0.1718042660267631,4.0741771859658174e-05,2.0370885929829087e-05
0,15.811350206154616,16.11461563754347,5,3,86066,85647.5,0.04529095860222152,0.026082489274632546,0.0019824289828608405,3.5577313059008535e-05,2.134638783540512e-05
0,10.172540157848381,10.538053465340834,14,3,200697,210447.0,0.058579086307695205,0.041271425677210136,0.0019891352943467084,3.850956962805257e-05,8.252050634582693e-06
0,10.378581148977975,10.68163495275291,9,3,92548,87192.5,0.021127252939155794,0.018176117605992286,0.0002541111009524029,4.665049449524165e-05,1.5550164831747215e-05
0,11.010496174988441,11.548088058221914,7,3,62186,44716.5,0.052097880182184204,0.06358929527247807,0.0018858339391709493,4.795735905674726e-05,2.0553153881463112e-05
0,13.26969279169448,14.064885497676606,13,3,95704,88573.5,0.14858227035476973,0.132794029908004,0.009086588400534149,5.9919155232094547e-05,1.3827497361252587e-05
0,8.89336199711058,9.251482128796109,10,3,128455,133824.0,0.02932139048283126,0.02600188243178322,0.0005459868919335855,2.7555268980758155e-05,8.266580694227446e-06
0,8.968687660256315,9.303760235554329,17,3,150953,157470.0,0.021363999258708098,0.019544736267130644,0.000273563877116158,4.919721717388033e-05,8.681861854214176e-06
0,8.390569481576406,8.72290928836219,9,3,144877,124187.5,0.01708301944579784,0.009276305729377352,0.0002217174494173079,2.6185703187963886e-05,8.728567729321296e-06
0,8.234843874705357,8.529708968080188,6,3,113752,137939.0,0.010563309334119298,0.0026216835904225907,0.00016759311436732034,2.621415214693906e-05,1.310707607346953e-05
0,11.997475113551344,12.975889887172476,17,3,136821,139455.5,0.15575175842168754,0.1413706233414616,0.012505710598787478,5.698693323142729e-05,1.0056517629075404e-05
0,9.481177580202095,9.880063485995949,8,3,134353,101518.0,0.04719128803667706,0.043276743588582606,0.0012956929033737616,2.5375719243042294e-05,9.515894716140861e-06
0,12.387699640424806,13.187955434206403,9,3,69573,74745.5,0.08653154691199201,0.0810866267243207,0.0034573648659361393,6.111265778948726e-05,2.0370885929829087e-05
0,11.71607340750133,12.376772970315947,11,3,68407,63826.5,0.09230823467946117,0.09549742275946267,0.0022813211678717744,7.827008872981877e-05,2.134638783540512e-05
0,12.797993117112426,13.745961688553942,7,3,140865,147174.0,0.29933151292914706,0.22062896151841102,0.05197170563617675,1.9254784814026286e-05,8.252050634582693e-06
0,12.507663502211166,13.035046260395847,8,3,71131,54694.0,0.03789580969377805,0.014645767342790132,0.002075441381337182,4.146710621799258e-05,1.5550164831747215e-05
0,12.725433081421928,13.169648221728693,4,3,72077,66772.0,0.1231635253291591,0.06549092883705927,0.015631506842933893,2.740420517528415e-05,2.0553153881463112e-05
0,14.732530000113288,17.375120177448796,17,3,96669,89301.0,0.21411187356724123,0.22499297483378192,0.010188223328822181,7.835581838043132e-05,1.3827497361252587e-05
0,12.878300019173007,13.38649174190027,15,3,171755,177802.0,0.056703755091919696,0.034465204070834594,0.001623686719426656,4.1332903471137235e-05,8.266580694227446e-06
0,11.77241489521367,12.894346643026836,10,3,135321,92509.0,0.13992414276103673,0.07842742835494182,0.01598476513450534,2.8939539514047253e-05,8.681861854214176e-06
0,10.851728899770231,12.921992683133581,8,3,256161,253447.0,0.19600139940540032,0.17119141394410725,0.042520962561476534,2.3276180611523454e-05,8.728567729321296e-06
0,10.709448142704588,12.807618484115778,5,3,89317,80402.0,0.23462080442758299,0.08164909147532301,0.06905700969201281,2.1845126789115883e-05,1.310707607346953e-05
0,12.840435895689827,14.093831337703687,15,3,137061,138348.5,0.180080735532475,0.1608760985870467,0.013754654441891402,5.0282588145377016e-05,1.0056517629075404e-05
0,13.09890647407151,13.391753455152013,13,3,154919,153692.0,0.06574429763167222,0.031229773412775365,0.0045623339607701865,4.1235543769943726e-05,9.515894716140861e-06
0,13.32771847827677,16.785746825283823,11,3,66555,65638.0,0.3389061476167973,0.2551002887779389,0.03948935283513326,7.469324840937332e-05,2.0370885929829087e-05
0,12.91588282139797,13.303442634346267,3,3,46398,46398.5,0.2421979156388708,0.0834353819431691,0.08509107791869067,2.134638783540512e-05,2.134638783540512e-05
0,7.912232133581796,8.216022527418996,13,3,173457,184672.5,0.0030691066860271633,0.0027387329852757345,4.333142763304643e-06,3.5758886083191675e-05,8.252050634582693e-06
0,8.22269860181861,8.39901913241426,7,3,119412,131359.5,0.0015366114869893586,0.0006618113764047899,6.061107142802488e-06,3.628371794074351e-05,1.5550164831747215e-05
0,8.308676581602837,8.461631676233148,8,3,67317,75234.0,0.0013508026841482547,0.0008808656727375185,1.2824025699744145e-06,5.48084103505683e-05,2.0553153881463112e-05
0,9.624227493883605,11.13361568564108,9,3,84834,84354.0,0.08565717023652222,0.07624095254446137,0.004162877370496248,4.148249208375776e-05,1.3827497361252587e-05
0,7.8381008464948945,8.164700634077064,18,3,173856,173146.0,0.0011360638840103151,0.000884184445176287,6.166505804357803e-07,4.959948416536468e-05,8.266580694227446e-06
0,9.233741645864642,9.76666216349934,3,3,23607,23607.0,0.07667338505119949,0.03883476895741597,0.005809020247842234,8.681861854214176e-06,8.681861854214176e-06
0,9.950122171164391,10.74628094812887,18,3,142472,133333.0,0.11582319293649719,0.08403361889036803,0.008534332798599185,5.237140637592777e-05,8.728567729321296e-06
0,9.717394054778884,10.12781275227472,8,3,109327,96609.0,0.016397514357271867,0.011046821583875228,0.00023527130705502637,3.4952202862585413e-05,1.310707607346953e-05
0,8.582669523740794,8.77923265278145,12,3,122896,121151.0,0.010453038997065466,0.007607695838383181,8.680181496013907e-05,4.022607051630162e-05,1.0056517629075404e-05
0,7.962678574603729,8.207266227863023,19,3,149238,149437.0,0.0014380636830367674,0.001178686371470953,9.020685414225812e-07,6.026733320222545e-05,9.515894716140861e-06
0,8.68362419444158,8.820597259384366,5,3,107485,108067.5,0.018710426091382414,0.006741159814721842,0.000517054421814868,3.395147654971515e-05,2.0370885929829087e-05
0,9.082527145903622,9.647223126837437,1,3,0,0.0,0.10772646009967253,0.10772646009967253,0.0,7.115462611801706e-06,2.134638783540512e-05
0,12.4606910296683,13.333063078316076,12,3,181583,194110.0,0.16706311098721904,0.13921920052540626,0.02005135265293744,3.300820253833077e-05,8.252050634582693e-06
0,11.628336558179996,12.248825886661232,13,3,91676,92430.5,0.07636140675171577,0.06240729679818404,0.0031573944182925503,6.738404760423794e-05,1.5550164831747215e-05
0,11.482724860134176,11.937785262543965,8,3,64073,60409.0,0.09527846611294195,0.08131733344236977,0.008281886788031845,5.48084103505683e-05,2.0553153881463112e-05
0,13.04189861695213,14.524650016803912,14,3,119899,128351.0,0.19234040022566265,0.17941083673014985,0.00957508353004009,6.452832101917874e-05,1.3827497361252587e-05
0,12.154651371711118,13.34283187677338,11,3,128588,93209.5,0.23572444654444694,0.17965512500108943,0.025278904785585695,3.031079587883397e-05,8.266580694227446e-06
0,10.136345490481911,11.207512633753714,7,3,108659,77911.0,0.1602607493726915,0.11394437305969479,0.013582391532171029,2.0257677659833077e-05,8.681861854214176e-06
0,9.525057920500867,10.399608711635166,10,3,113435,85069.0,0.07389090466656006,0.06477515154278865,0.0022499136873176525,2.9095225764404318e-05,8.728567729321296e-06
0,10.139815123267303,11.069396042286302,6,3,71704,50649.0,0.1480994798207366,0.05492398310477428,0.029556019684710045,2.621415214693906e-05,1.310707607346953e-05
0,11.336464067054543,12.105979231290865,16,3,153242,143785.0,0.0913420028886482,0.07333524422074084,0.0052142169139235235,5.3634760688402156e-05,1.0056517629075404e-05
0,12.082556168777185,12.892914499020776,12,3,122819,102765.0,0.13740714902200593,0.11068862198447238,0.008184534370696567,3.8063578864563445e-05,9.515894716140861e-06
0,13.87990017934251,14.665317638333656,9,3,73609,74569.5,0.23785630433493984,0.24859936571752542,0.03032650120961907,6.111265778948726e-05,2.0370885929829087e-05
0,13.171072390303294,14.888547872939998,8,3,67891,54703.0,0.2317967231038296,0.20878509361070463,0.029415345821922054,5.692370089441365e-05,2.134638783540512e-05
0,3.932985014993682,5.061034777738488,7,3,109275,111458.5,0.15954467695383656,0.07683905650499868,0.026146012483188177,1.9254784814026286e-05,8.252050634582693e-06
0,3.0720178720523394,3.23320012648881,5,3,109590,105508.0,0.024905880596689325,0.012332620285349835,0.0010221492707268823,2.5916941386245362e-05,1.5550164831747215e-05
0,4.105457460478516,4.677991233824701,2,3,44822,44822.0,0.16204994060505812,0.16204994060505812,0.032915041407764814,1.3702102587642075e-05,2.0553153881463112e-05
0,8.125258824804618,14.391974320408893,13,3,110414,116008.5,0.28979280272594743,0.32266643777798365,0.028878105383916677,5.9919155232094547e-05,1.3827497361252587e-05
0,4.388741802316857,6.756982826312876,5,3,43142,41915.0,0.21410525470371433,0.2426281016459182,0.01538048537623358,1.3777634490379077e-05,8.266580694227446e-06
0,2.1385197414758172,2.1880392004820055,17,3,164862,168215.0,0.0005328015837284463,0.00039296994858855483,3.943104638077779e-07,4.919721717388033e-05,8.681861854214176e-06
0,2.3216567779422856,2.4141332013525254,26,3,161228,156051.0,0.0002897196679680377,0.0003012000479556092,3.169635259509325e-08,7.564758698745123e-05,8.728567729321296e-06
0,2.5155717535416926,2.5707152682696237,14,3,112933,116991.0,0.0011086987997328934,0.000735301698471795,1.31504150226523e-06,6.116635500952448e-05,1.310707607346953e-05
0,4.093605481848181,11.244774882768326,17,3,115211,125718.0,0.30273814244247516,0.27880980678232176,0.03921984141495512,5.698693323142729e-05,1.0056517629075404e-05
0,6.412706085703625,7.410467071795179,6,3,101630,73688.0,0.044278741039506186,0.022113150382299166,0.0025793991361798027,1.9031789432281723e-05,9.515894716140861e-06
0,6.423404654429735,13.084164824903052,7,3,74199,73908.0,0.5597870105180652,0.5997139050406254,0.061847873225499624,4.7532067169601205e-05,2.0370885929829087e-05
0,12.756902099615292,14.489002321767304,10,3,63322,64215.0,0.2949532646100618,0.2962926166135855,0.011795827169442465,7.115462611801707e-05,2.134638783540512e-05
0,5.728320666715723,5.858209891197832,14,3,186753,195083.0,0.01054330756781253,0.006245302622499145,5.362290209823707e-05,3.850956962805257e-05,8.252050634582693e-06
0,6.5124235349378194,6.931957095868968,7,3,82074,61490.5,0.01756395790028146,0.010910280717983478,0.000332319389493278,3.628371794074351e-05,1.5550164831747215e-05
0,7.167292931014362,7.381978012995903,3,3,57347,57347.5,0.06103374750095596,0.025705296218842537,0.004432457138649,2.0553153881463112e-05,2.0553153881463112e-05
0,7.332049526299335,7.646410090664269,14,3,111417,110529.0,0.08359203630373502,0.07952902841551407,0.0041143640745365095,6.452832101917874e-05,1.3827497361252587e-05
0,6.470998463444978,6.804826792792556,7,3,105047,96974.0,0.046296433613622096,0.03177630424677318,0.001655519561396462,1.9288688286530708e-05,8.266580694227446e-06
0,6.56130495254877,6.889442086664225,6,3,153572,120228.0,0.011531105011128773,0.009419956641526924,0.00013564355454377626,1.7363723708428353e-05,8.681861854214176e-06
0,6.989363091540527,7.699880724878511,15,3,206943,219115.0,0.10804005294431514,0.09312105830068396,0.005175565946156514,4.364283864660648e-05,8.728567729321296e-06
0,6.847693643073085,7.489720948590134,12,3,93983,96373.0,0.09421745996450737,0.08053520970649287,0.004798443695750217,5.242830429387812e-05,1.310707607346953e-05
0,7.155117552022727,7.566580617631977,8,3,92222,101330.0,0.09148421652452494,0.06578986857295038,0.004652234794183978,2.6817380344201078e-05,1.0056517629075404e-05
0,6.312431951537814,6.4543894867801255,3,3,28315,28315.0,0.026138392145308404,0.03227776231087237,0.00034068410636658574,9.515894716140861e-06,9.515894716140861e-06
0,7.121683219259408,7.6108322477427635,5,3,70454,73462.5,0.08512375590490778,0.06876492866268483,0.0054088514120181775,3.395147654971515e-05,2.0370885929829087e-05
0,7.670587158131169,8.316735163795016,8,3,67076,63491.0,0.20943352709342133,0.17546098307787136,0.02375281725634329,5.692370089441365e-05,2.134638783540512e-05
0,9.992173911913941,11.65567009491948,11,3,115023,103411.5,0.15921159544715832,0.13497197807378178,0.010660510346784606,3.0257518993469876e-05,8.252050634582693e-06
0,8.621164982893992,9.38155637097712,5,3,73724,61302.5,0.03508038185452278,0.012818338624595194,0.0014978501189003293,2.5916941386245362e-05,1.5550164831747215e-05
0,10.12719357971288,11.147432792160131,6,3,74902,85123.0,0.18541280359627524,0.1926522852444085,0.02674611484889871,4.1106307762926224e-05,2.0553153881463112e-05
0,10.101530318464762,14.761942334261844,12,3,102317,102735.0,0.6578020358416791,0.6601722693899944,0.12745441251424988,5.530998944501035e-05,1.3827497361252587e-05
0,8.845173880758725,10.732120738468835,9,3,141101,148232.0,0.23205204779171312,0.1958342041506158,0.04623105533690996,2.479974208268234e-05,8.266580694227446e-06
0,6.23865224386337,7.75194567069128,2,3,14261,14261.0,0.10665857068485915,0.10665857068485915,0.009100583815240506,5.78790790280945e-06,8.681861854214176e-06
0,6.27027657101932,7.893588259436324,13,3,124334,110337.5,0.009546745489967087,0.005953708238589397,0.00010893057193374365,3.7823793493725614e-05,8.728567729321296e-06
0,8.246570547337969,10.086286646283273,1,3,0,0.0,0.572202522319581,0.572202522319581,0.0,4.369025357823177e-06,1.310707607346953e-05
0,10.758677571537076,12.959985053789033,16,3,131276,133864.0,0.40148539126860877,0.35091670345733394,0.09762914352258069,5.3634760688402156e-05,1.0056517629075404e-05
0,9.156821046922985,10.777862327029789,6,3,166095,132850.0,0.19805545842363997,0.12653601903546086,0.03979739017998108,1.9031789432281723e-05,9.515894716140861e-06
0,9.276134009336106,11.825909928276639,6,3,70064,69763.0,0.7812869283449566,0.8102929111627462,0.29465709103631643,4.0741771859658174e-05,2.0370885929829087e-05
0,9.285077388944657,10.151820599593997,6,3,73326,80402.0,0.051577567845512734,0.058864114403080384,0.00116538683966151,4.269277567081024e-05,2.134638783540512e-05
0,7.07133821574249,7.863638758198548,9,3,163823,161495.0,0.23133056399433632,0.16628873905480235,0.025887134288793315,2.4756151903748083e-05,8.252050634582693e-06
0,7.7763376877039985,8.002406021616046,9,3,88611,90323.5,0.046558049340386834,0.03620323381413423,0.002043432470872002,4.665049449524165e-05,1.5550164831747215e-05
0,7.764591492047692,8.994771181633894,10,3,70576,73834.0,0.13991222015831792,0.13204520227123845,0.011287444414557422,6.851051293821037e-05,2.0553153881463112e-05
0,12.789141998995111,14.648345989063689,13,3,109652,116921.0,0.3621958522392354,0.29352520758846096,0.03734104532009387,5.9919155232094547e-05,1.3827497361252587e-05
0,7.570972752036644,8.326765901978716,14,3,178651,182141.0,0.07044248598793323,0.04188954233402875,0.004223515880325969,3.8577376573061416e-05,8.266580694227446e-06
0,9.746688226845688,10.611568055789087,14,3,158177,155738.0,0.17159956572129068,0.10184307398926604,0.025863298356035968,4.0515355319666154e-05,8.681861854214176e-06
0,10.684067291405256,11.726779321469593,13,3,93793,83306.5,0.15216861272881196,0.09124036527241641,0.03323812933344561,3.7823793493725614e-05,8.728567729321296e-06
0,8.862555214913428,9.294369149223074,9,3,144780,147440.5,0.07521472221194077,0.0516057384260509,0.004331708573248543,3.9321228220408593e-05,1.310707607346953e-05
0,7.477679355632897,8.811463257907041,16,3,109032,108555.0,0.16192846365422017,0.1412609433893461,0.014005520363436684,5.3634760688402156e-05,1.0056517629075404e-05
0,6.972205028208015,7.518692098513096,9,3,130239,119667.0,0.048963826540733904,0.04652917283974219,0.0012234519701896061,2.8547684148422582e-05,9.515894716140861e-06
0,15.918076927427771,17.780683605987402,10,3,72789,76403.0,0.4481577155911024,0.42622965006348745,0.04493037664772732,6.79029530994303e-05,2.0370885929829087e-05
0,14.365969602476039,15.829662860811974,10,3,64256,65286.0,0.26129640557484224,0.27442681796148627,0.03234082975288721,7.115462611801707e-05,2.134638783540512e-05
0,10.710999334447731,11.129063107151842,20,3,165169,158381.0,0.0019611575255489722,0.0014375808976455902,2.0766986146078027e-06,5.501367089721796e-05,8.252050634582693e-06
0,12.938931499057821,13.39523706287794,7,3,87986,88916.0,0.04849823724791902,0.03986689164640661,0.0017854401484940117,3.628371794074351e-05,1.5550164831747215e-05
0,11.40299556543201,11.584841268174253,5,3,64148,64685.0,0.01578613599960123,0.00587286904480201,0.0003880074297863679,3.4255256469105186e-05,2.0553153881463112e-05
0,11.950159563199726,15.776579752399307,14,3,93069,91128.0,0.07347129066158169,0.05894269593783952,0.0021051894586587546,6.452832101917874e-05,1.3827497361252587e-05
0,10.935419918686854,11.345282833123155,14,3,156800,163751.0,0.010623270048942281,0.008536591185502422,5.286277579635673e-05,3.8577376573061416e-05,8.266580694227446e-06
0,12.871465706126273,13.194763913382266,9,3,140614,148498.0,0.05309616639546966,0.038320965316179734,0.0022587260819512214,2.604558556264253e-05,8.681861854214176e-06
0,12.932985388670552,14.146114222942986,15,3,156490,154291.0,0.04095372510489446,0.024575254213709236,0.0019506383795860902,4.364283864660648e-05,8.728567729321296e-06
0,13.867888752577178,14.41029066456351,9,3,81418,77354.5,0.06548657166738626,0.039248813501438426,0.004068468742181903,3.9321228220408593e-05,1.310707607346953e-05
0,12.773989953953132,18.157660214444086,15,3,120938,113991.5,0.21175211646797049,0.1726726749745605,0.014697908377612362,5.0282588145377016e-05,1.0056517629075404e-05
0,10.802553002819817,11.421539048141783,14,3,167834,177204.0,0.022513784015941514,0.019324582086485808,0.00024086313364659375,4.4407508675324014e-05,9.515894716140861e-06
0,11.46742080089087,11.815905140204823,6,3,94315,92973.0,0.03424136567305273,0.02700945825720722,0.0007695463717946825,4.0741771859658174e-05,2.0370885929829087e-05
0,11.309876415399398,11.546383075586636,6,3,67909,72862.0,0.0014324984079638686,0.00103623903337312,9.838106082457797e-07,4.269277567081024e-05,2.134638783540512e-05
