max GSR,min GSR,mean GSR,number of peaks,number of peaks SCIPY,number of valleys,mean time between peaks,median time between peaks,mean height of peaks,median height of peaks,variance height of peaks,ratio of peaks,ratio of valleys
3.982483904,3.317402789,3.560146243,2.75E-05,1.93E-05,1.93E-05,126117,123327,0.01626245,0.009380335,0.000347326,7.57E-11,5.30E-11
7.146960287,4.043869449,5.567496013,4.15E-05,3.63E-05,3.63E-05,67938,57480,0.135893088,0.083338673,0.015210999,2.15E-10,1.88E-10
4.711197092,2.393336905,4.072887837,4.11E-05,4.11E-05,4.11E-05,41394,40761,0.101819568,0.12570227,0.003313118,2.82E-10,2.82E-10
7.700064494,3.213555823,5.407625223,5.07E-05,4.15E-05,4.15E-05,99293,99595.5,0.20758611,0.14682362,0.028586694,2.34E-10,1.91E-10
3.608285413,2.973925921,3.232516924,1.93E-05,3.03E-05,3.03E-05,98438,77690.5,0.013797683,0.005141212,0.000326152,5.32E-11,8.35E-11
4.308028655,3.425198682,3.751488823,1.45E-05,3.18E-05,3.18E-05,63597,69602,0.046582363,0.020549187,0.002172574,4.19E-11,9.21E-11
6.261925553,3.320883076,4.980060179,4.07E-05,2.91E-05,2.91E-05,126543,98948,0.11354107,0.103917993,0.007133934,1.19E-10,8.47E-11
4.656700479,3.305709828,4.01725371,3.93E-05,5.68E-05,6.12E-05,95736,86642.5,0.047702052,0.02328965,0.002891129,1.72E-10,2.67E-10
6.673863391,1.859818992,4.736634643,4.02E-05,4.69E-05,4.36E-05,95287,106329,0.214722947,0.241624558,0.020449828,1.35E-10,1.46E-10
3.288227828,2.905534775,3.079465482,2.54E-05,6.34E-06,9.52E-06,147429,149419,0.003461983,0.001951831,1.91E-05,8.05E-11,3.02E-11
6.500643517,2.955364171,4.28802354,4.07E-05,3.40E-05,4.07E-05,48687,50700,0.190378038,0.175990303,0.00469822,2.77E-10,2.77E-10
5.366421539,3.13648455,4.198029792,4.27E-05,2.85E-05,2.85E-05,73542,73543,0.084172558,0.085620273,0.004010931,3.04E-10,2.03E-10
12.01120764,8.370944838,9.118960539,1.65E-05,2.20E-05,1.93E-05,212170,247136,0.225491383,0.213208127,0.024432378,4.54E-11,5.30E-11
10.61675776,6.552884505,7.602410703,3.11E-05,3.11E-05,3.11E-05,103778,108125,0.139650772,0.143581633,0.012450007,1.61E-10,1.61E-10
11.73710523,8.062103703,8.898573821,3.43E-05,2.74E-05,3.43E-05,79398,86931,0.243970893,0.154503958,0.061237667,2.35E-10,2.35E-10
14.64693224,8.88633577,12.67025859,5.53E-05,4.61E-05,4.61E-05,108306,110195,0.230760461,0.210329481,0.013893253,2.55E-10,2.12E-10
14.99455639,6.842081451,9.473160296,2.76E-05,3.31E-05,3.31E-05,107956,78734,0.20931358,0.182046199,0.023447483,7.59E-11,9.11E-11
13.19726918,8.4815053,10.08543413,4.05E-05,3.47E-05,3.47E-05,133050,114238,0.1684052,0.143775089,0.021884661,1.17E-10,1.00E-10
10.40409969,8.879638518,9.307058101,3.78E-05,3.20E-05,3.49E-05,158514,152934,0.057151048,0.031233946,0.003236583,1.10E-10,1.02E-10
11.08566467,9.564769993,10.29186434,4.81E-05,4.81E-05,4.81E-05,105865,106893,0.08782023,0.074838201,0.002646039,2.10E-10,2.10E-10
13.22987743,8.760074798,10.50323204,5.03E-05,5.70E-05,5.70E-05,137201,132985,0.276866689,0.276806833,0.020100536,1.69E-10,1.91E-10
12.81692042,8.743960201,9.480927407,1.59E-05,1.59E-05,1.27E-05,128410,142753.5,0.242595362,0.101431436,0.095479868,5.03E-11,4.02E-11
13.47828493,7.654496571,10.21584587,4.07E-05,4.07E-05,4.75E-05,77076,77938,0.225594638,0.243961821,0.017387862,2.77E-10,3.23E-10
11.25931856,8.370212597,9.115193009,2.85E-05,2.85E-05,3.56E-05,52458,38564,0.094730994,0.040979003,0.01484953,2.03E-10,2.53E-10
2.509719139,2.29196034,2.400253074,4.95E-05,3.30E-05,3.58E-05,190026,199082,0.008020778,0.006810979,4.14E-05,1.36E-10,9.84E-11
5.976737559,4.350224414,5.20994675,6.22E-05,5.70E-05,5.70E-05,105436,109055,0.13837295,0.125504247,0.0072697,3.22E-10,2.96E-10
8.734989899,5.302214779,6.820880318,6.85E-05,5.48E-05,5.48E-05,70414,76359,0.218532348,0.245615741,0.019213248,4.69E-10,3.75E-10
2.948495997,2.081209196,2.4079233,4.15E-05,3.69E-05,3.69E-05,99784,108366,0.021438103,0.014938899,0.00038076,1.91E-10,1.70E-10
2.627039818,1.8725291,2.18389666,2.48E-05,3.31E-05,3.31E-05,106586,93806.5,0.009109772,0.005573528,0.000118723,6.83E-11,9.11E-11
2.455114553,2.270043404,2.355090466,3.47E-05,2.89E-05,2.89E-05,177960,134980,0.007899529,0.007359683,3.37E-05,1.00E-10,8.37E-11
3.955587873,3.090881636,3.318722894,2.91E-05,3.78E-05,3.78E-05,122476,120421,0.058052823,0.030245479,0.003184051,8.47E-11,1.10E-10
3.096130654,2.525856468,2.726846389,3.06E-05,2.62E-05,2.62E-05,79558,77414,0.029351465,0.018655321,0.000878472,1.34E-10,1.15E-10
10.88421537,4.280052258,7.548751533,6.03E-05,6.37E-05,6.70E-05,111986,104394,0.240465479,0.259560632,0.0277874,2.02E-10,2.25E-10
1.929837797,1.861178696,1.88538928,4.76E-05,2.85E-05,3.17E-05,172673,182376.5,0.001825368,0.001233136,2.00E-06,1.51E-10,1.01E-10
2.51295108,2.153538531,2.285731323,4.75E-05,4.07E-05,4.07E-05,73210,74529,0.008238425,0.004320318,5.20E-05,3.23E-10,2.77E-10
2.198465628,2.081282416,2.142145901,4.98E-05,2.85E-05,2.85E-05,61108,66490,0.003047627,0.001955596,1.33E-05,3.54E-10,2.03E-10
8.783985232,6.976835063,7.769102712,3.03E-05,3.03E-05,3.03E-05,109566,112015,0.112629399,0.068236923,0.006701456,8.32E-11,8.32E-11
6.380413765,5.97805542,6.178072304,2.07E-05,5.18E-06,5.18E-06,87475,79747,0.002364282,0.000729855,1.11E-05,1.07E-10,2.69E-11
7.42329411,6.219347528,6.596207527,1.37E-05,1.37E-05,6.85E-06,17269,17269,0.069997225,0.069997225,0.002562557,9.39E-11,4.69E-11
12.14278252,6.310845744,10.08158571,5.99E-05,3.69E-05,3.69E-05,98928,95422.5,0.097327982,0.089485414,0.002720472,2.76E-10,1.70E-10
7.235249936,6.516076586,6.837263047,1.38E-05,1.10E-05,1.10E-05,212209,211787,0.030506429,0.015768827,0.001056668,3.80E-11,3.04E-11
8.039645494,7.436265874,7.667667305,3.76E-05,2.32E-05,2.32E-05,192271,198624.5,0.047913411,0.040782627,0.001548372,1.09E-10,6.70E-11
10.9376391,7.880493067,8.740084992,4.36E-05,4.07E-05,3.78E-05,139522,126427,0.179700774,0.191133738,0.013172642,1.27E-10,1.10E-10
9.546814847,7.239407027,7.874267949,3.50E-05,3.93E-05,3.50E-05,87011,73292,0.159830633,0.118984523,0.033054342,1.53E-10,1.53E-10
10.68793819,6.668558144,8.096884518,3.35E-05,3.35E-05,3.35E-05,167912,175106,0.124608391,0.119787893,0.00517908,1.12E-10,1.12E-10
7.425374256,6.192187272,6.554662631,6.34E-06,6.34E-06,3.17E-06,18009,18009,0.042732478,0.042732478,0.002114267,2.01E-11,1.01E-11
9.562047314,7.347957402,8.458958027,5.43E-05,3.40E-05,4.07E-05,72755,72677,0.079429607,0.080564179,0.000897472,3.69E-10,2.77E-10
7.14241871,5.938823718,6.321233281,3.56E-05,2.13E-05,2.13E-05,72886,70608.5,0.031099504,0.012985382,0.001517209,2.53E-10,1.52E-10
8.315205597,6.050964139,6.89773134,2.75E-06,2.75E-06,2.75E-06,0,0,0.052250821,0.052250821,0,7.57E-12,7.57E-12
9.634377285,7.084552984,8.030846587,3.11E-05,2.07E-05,2.07E-05,74179,50521,0.076351522,0.026744549,0.011007616,1.61E-10,1.07E-10
8.204040983,7.265675753,7.740370543,3.43E-05,2.06E-05,2.06E-05,47775,51324.5,0.0225722,0.024887115,0.000263325,2.35E-10,1.41E-10
9.087810986,6.26067175,7.337357583,4.15E-05,3.69E-05,3.69E-05,98044,105043,0.084612865,0.053463062,0.003841224,1.91E-10,1.70E-10
7.759171277,5.531713879,6.336071576,1.65E-05,8.27E-06,8.27E-06,223558,221004,0.009636133,0.004143314,0.000107882,4.56E-11,2.28E-11
10.42301757,5.586597164,6.945498813,2.89E-05,3.76E-05,3.76E-05,213931,219818,0.160755545,0.129741591,0.016282071,8.37E-11,1.09E-10
8.464736181,5.969472144,6.74019407,2.33E-05,1.45E-05,1.75E-05,163380,97471,0.05133163,0.029426495,0.00325769,6.77E-11,5.08E-11
9.613882781,6.39351067,7.290371073,1.75E-05,1.31E-05,1.31E-05,47531,33233,0.248393535,0.1648054,0.060982324,7.64E-11,5.73E-11
10.59764701,7.503763636,8.605299251,3.35E-05,2.35E-05,2.35E-05,93681,76735,0.108267488,0.060367833,0.009148881,1.12E-10,7.87E-11
11.33490112,7.025535604,8.200142134,2.85E-05,2.54E-05,2.54E-05,122369,110340,0.224177481,0.171396013,0.028167585,9.06E-11,8.05E-11
7.272172359,6.739013321,6.959217353,4.75E-05,2.04E-05,2.72E-05,60869,62176.5,0.032389802,0.016076574,0.00100398,3.23E-10,1.84E-10
8.901456587,7.44596294,7.921208623,5.69E-05,6.40E-05,5.69E-05,75908,92579,0.099363746,0.057799241,0.006047753,4.05E-10,4.05E-10
21.09636567,17.94614529,18.86851986,1.93E-05,3.30E-05,3.03E-05,180510,179375.5,0.214367784,0.242993495,0.020170452,5.30E-11,8.32E-11
25.7642176,21.47011257,22.95072685,4.15E-05,3.63E-05,3.63E-05,81170,60579,0.189745198,0.168745782,0.017027128,2.15E-10,1.88E-10
25.31235246,20.7667131,21.96973134,4.11E-05,3.43E-05,3.43E-05,76499,82027,0.22255832,0.147609774,0.049191878,2.82E-10,2.35E-10
32.22680522,25.54833136,27.52765813,6.45E-05,7.37E-05,6.91E-05,106292,101374,0.373769513,0.381202145,0.014327443,2.97E-10,3.19E-10
20.0144298,17.35929928,18.27244152,1.65E-05,1.38E-05,1.38E-05,83725,63346,0.053138844,0.029875341,0.003313964,4.56E-11,3.80E-11
21.97284012,18.53777058,19.46026604,1.45E-05,2.32E-05,2.32E-05,123258,135824.5,0.293300992,0.240082156,0.089138655,4.19E-11,6.70E-11
24.65577543,19.42544456,20.68155732,2.04E-05,2.33E-05,2.33E-05,102497,62582.5,0.31674281,0.146612393,0.074730503,5.93E-11,6.77E-11
22.47247877,19.72583284,20.60678879,3.50E-05,2.62E-05,2.18E-05,103961,90816,0.226982572,0.150821494,0.0474898,1.53E-10,9.54E-11
27.36848631,23.37270917,24.78400811,7.04E-05,6.03E-05,5.70E-05,150679,154033,0.283667676,0.269133195,0.035032366,2.36E-10,1.91E-10
18.68455801,16.99498966,17.59517464,3.49E-05,2.85E-05,2.85E-05,137896,121142.5,0.048370623,0.026157234,0.002066307,1.11E-10,9.06E-11
30.39878112,26.39494424,27.90946281,9.51E-05,8.15E-05,7.47E-05,73387,75458,0.260303981,0.220672096,0.023868412,6.46E-10,5.07E-10
29.43246956,24.5063068,25.80883604,4.98E-05,4.98E-05,4.98E-05,65349,56624.5,0.344620259,0.37379743,0.041131982,3.54E-10,3.54E-10
11.89638039,8.079311134,8.988783086,2.20E-05,2.20E-05,2.20E-05,159247,182264,0.096030305,0.059782351,0.011551025,6.05E-11,6.05E-11
10.74156067,6.694656318,7.807711892,1.04E-05,2.07E-05,1.56E-05,8413,8413,0.274680861,0.274680861,0.016152024,5.37E-11,8.06E-11
9.968461885,6.764617331,7.577881065,1.37E-05,1.37E-05,1.37E-05,124795,124795,0.241432513,0.241432513,0.092359334,9.39E-11,9.39E-11
12.99632434,9.387875829,10.6517126,5.99E-05,5.53E-05,5.53E-05,104427,110089,0.263531918,0.220591456,0.044305385,2.76E-10,2.55E-10
14.18919092,8.518105534,9.715196099,1.38E-05,1.93E-05,2.20E-05,155567,150034.5,0.234743706,0.119640442,0.103212565,3.80E-11,6.07E-11
9.220855983,5.881868538,6.503600787,8.68E-06,5.79E-06,2.89E-06,205889,205889,0.225445828,0.13443897,0.069552147,2.51E-11,8.37E-12
9.682769532,5.92446378,6.73953765,2.91E-06,8.73E-06,5.82E-06,0,0,0.506892827,0.506892827,0,8.47E-12,1.69E-11
8.086682665,6.288421181,6.768558294,1.31E-05,1.31E-05,8.74E-06,175215,175215.5,0.118084399,0.125111762,0.008123453,5.73E-11,3.82E-11
9.757935825,7.248012042,7.875355077,3.35E-05,4.02E-05,3.69E-05,140965,146023,0.12572346,0.079444935,0.013131574,1.12E-10,1.24E-10
11.55717642,8.462489583,9.672183147,3.49E-05,3.81E-05,3.81E-05,140956,102072.5,0.101577342,0.05163938,0.011657417,1.11E-10,1.21E-10
14.0633488,9.476651371,11.03101892,4.75E-05,5.43E-05,5.43E-05,58962,61062,0.701955523,0.824580345,0.076793745,3.23E-10,3.69E-10
10.6986291,7.428583641,8.384868817,5.69E-05,4.98E-05,4.98E-05,57252,55231,0.075168968,0.082172266,0.004277113,4.05E-10,3.54E-10
15.39191749,13.39068369,14.13693974,4.68E-05,4.40E-05,4.40E-05,152652,154548,0.140852625,0.140408998,0.009500197,1.29E-10,1.21E-10
15.89063378,13.92975045,14.64587899,4.15E-05,3.63E-05,3.63E-05,80028,73902,0.146875093,0.158004726,0.011596818,2.15E-10,1.88E-10
15.71333342,14.69279159,15.21431334,6.85E-05,6.17E-05,5.48E-05,68852,61501,0.130595357,0.133999968,0.002114748,4.69E-10,3.75E-10
17.4746571,12.62898596,15.86632124,7.37E-05,6.45E-05,6.45E-05,95744,93903,0.130484274,0.115027081,0.005687292,3.40E-10,2.97E-10
14.87832871,13.30069971,13.97597218,4.41E-05,4.13E-05,4.13E-05,176005,165628,0.112102201,0.086149463,0.007049729,1.21E-10,1.14E-10
11.99460651,10.2257979,11.1287454,3.76E-05,3.47E-05,3.18E-05,131687,119591,0.082702716,0.051822805,0.00677906,1.09E-10,9.21E-11
13.52871494,11.13744676,12.1990243,3.49E-05,2.62E-05,2.62E-05,174671,182921,0.025610875,0.017404294,0.0004821,1.02E-10,7.62E-11
14.92592602,12.23982951,13.40008981,2.18E-05,2.18E-05,2.18E-05,56441,35896.5,0.122768467,0.071542707,0.016228224,9.54E-11,9.54E-11
17.47705749,14.12364788,15.65049053,6.03E-05,5.36E-05,5.36E-05,136777,130785,0.224117948,0.244112175,0.017203556,2.02E-10,1.80E-10
13.71289306,12.50400562,13.03269265,2.85E-05,3.81E-05,3.81E-05,163632,177930.5,0.067459248,0.034657415,0.003964068,9.06E-11,1.21E-10
13.08625012,11.39187193,12.15596198,4.75E-05,4.07E-05,4.75E-05,52912,55772.5,0.121091091,0.114325158,0.007597345,3.23E-10,3.23E-10
13.08428003,11.98854208,12.33996718,4.27E-05,4.98E-05,4.27E-05,55541,45503,0.072336269,0.067588844,0.001970885,3.04E-10,3.04E-10
18.00548194,15.88883702,16.74669459,1.10E-05,1.38E-05,1.38E-05,72379,67910,0.132813364,0.085667092,0.019110218,3.03E-11,3.78E-11
20.68733396,16.58409659,17.55803136,1.56E-05,2.07E-05,2.07E-05,47268,47268.5,0.33845262,0.137694048,0.160838114,8.06E-11,1.07E-10
20.43443747,16.98140375,18.23677805,1.37E-05,2.06E-05,1.37E-05,18877,18877,0.439315771,0.439315771,0.177740348,9.39E-11,9.39E-11
30.69476619,24.99634663,28.52574416,7.37E-05,5.99E-05,5.99E-05,105475,102020,0.312250245,0.343298099,0.022528014,3.40E-10,2.76E-10
15.12357714,14.22367234,14.64602126,1.93E-05,2.48E-05,2.48E-05,69895,72069,0.036134267,0.028580767,0.00120106,5.32E-11,6.83E-11
28.41436614,20.92987673,22.66268271,8.68E-06,2.89E-05,2.60E-05,78202,78202,0.396558434,0.132295482,0.240445477,2.51E-11,7.54E-11
24.58436858,20.3273186,21.70452395,2.91E-05,3.49E-05,3.20E-05,93249,76055,0.12826331,0.074459175,0.015822132,8.47E-11,9.31E-11
20.63265533,19.12348001,19.6740378,2.18E-05,1.31E-05,8.74E-06,69054,69171.5,0.075403099,0.037592179,0.008204176,9.54E-11,3.82E-11
23.48081446,18.76013252,21.02000214,4.02E-05,3.69E-05,3.69E-05,107154,105653,0.347378935,0.31164637,0.050571084,1.35E-10,1.24E-10
16.35678841,14.94525225,15.43000116,2.54E-05,2.85E-05,2.85E-05,139085,122270,0.021244093,0.01049865,0.000570605,8.05E-11,9.06E-11
29.81650405,25.83293132,28.07404966,6.11E-05,5.43E-05,4.75E-05,64207,62266.5,0.358621708,0.392567041,0.062232248,4.15E-10,3.23E-10
31.89602335,25.93185701,27.38905967,2.85E-05,4.98E-05,4.27E-05,58882,35186,0.441291786,0.214114632,0.287165273,2.03E-10,3.04E-10
9.275288928,5.607995165,6.590896701,2.20E-05,3.03E-05,3.30E-05,164255,169546,0.16781812,0.107996316,0.026228027,6.05E-11,9.08E-11
6.159598939,5.585863719,5.800869459,1.56E-05,5.18E-06,5.18E-06,97449,97449,0.003730938,0.000982777,2.40E-05,8.06E-11,2.69E-11
6.803616212,5.921002504,6.165967044,2.74E-05,1.37E-05,1.37E-05,99608,100134,0.048834709,0.034456919,0.002424282,1.88E-10,9.39E-11
8.317932924,6.884995405,7.566999037,5.53E-05,4.15E-05,4.15E-05,116622,111173,0.057539731,0.061707562,0.00104046,2.55E-10,1.91E-10
11.34589481,4.880850589,6.163308386,5.51E-06,1.38E-05,1.38E-05,18709,18709,0.622863313,0.622863313,0.568544458,1.52E-11,3.80E-11
7.80034766,5.87607824,6.323627363,1.45E-05,2.03E-05,2.03E-05,55528,60145,0.067986649,0.034466759,0.005643263,4.19E-11,5.86E-11
6.425494253,5.243470751,5.721734458,5.24E-05,2.91E-06,2.91E-06,166976,169527,0.001478866,0.001259311,6.45E-07,1.52E-10,8.47E-12
5.818597581,5.283538353,5.503517062,1.75E-05,8.74E-06,8.74E-06,105671,143053,0.006541055,0.006333825,1.34E-05,7.64E-11,3.82E-11
11.47256379,7.018891784,8.356918524,6.37E-05,5.03E-05,5.03E-05,143265,140898,0.273527943,0.284442934,0.030826327,2.14E-10,1.69E-10
8.858054849,6.268975671,6.925018286,3.49E-05,3.17E-05,2.85E-05,140422,144483,0.260788928,0.138913466,0.054169847,1.11E-10,9.06E-11
10.9134837,7.450130617,9.197698505,5.43E-05,2.72E-05,2.72E-05,70730,72838,0.151905279,0.116991729,0.020048889,3.69E-10,1.84E-10
6.08161578,5.624600628,5.816940295,4.98E-05,1.42E-05,1.42E-05,61163,58563,0.001740064,0.000901771,2.62E-06,3.54E-10,1.01E-10
3.446786337,3.243944525,3.298878578,4.40E-05,3.58E-05,3.58E-05,201229,225512,0.002444393,0.001891818,6.08E-06,1.21E-10,9.84E-11
5.287105455,4.372631114,4.711453807,1.56E-05,1.04E-05,1.04E-05,20369,20369,0.022559182,0.007341068,0.001194746,8.06E-11,5.37E-11
5.0241116,4.516710654,4.757325643,3.43E-05,2.74E-05,2.06E-05,35722,36056,0.043665968,0.04924702,0.000989292,2.35E-10,1.41E-10
6.474871636,4.387445501,5.438730629,6.45E-05,5.07E-05,4.61E-05,107289,106708,0.073994491,0.060907017,0.002497801,2.97E-10,2.12E-10
3.607920072,3.345361462,3.427003286,2.48E-05,1.93E-05,1.65E-05,145950,170476,0.00247665,0.001961304,6.47E-06,6.83E-11,4.56E-11
4.65680108,4.177061279,4.382786821,3.18E-05,3.47E-05,3.47E-05,142970,123719.5,0.024261607,0.012782755,0.000549861,9.21E-11,1.00E-10
4.50430391,3.980680681,4.203599387,2.91E-05,2.33E-05,2.33E-05,144251,121360,0.015715564,0.0110196,0.000140621,8.47E-11,6.77E-11
4.320052464,3.962458723,4.085750102,4.37E-06,2.18E-05,2.18E-05,0,0,0.046891473,0.046891473,0,1.91E-11,9.54E-11
6.176735287,4.658332309,5.290107541,4.69E-05,4.02E-05,4.02E-05,136719,132878,0.059092166,0.046327483,0.00203019,1.57E-10,1.35E-10
3.718783571,3.484892053,3.568319568,1.90E-05,9.52E-06,6.34E-06,116807,62945,0.001800405,0.000869082,5.89E-06,6.04E-11,2.01E-11
6.322905922,3.886973275,4.948746841,4.07E-05,3.40E-05,3.40E-05,56209,55554,0.092819306,0.093848796,0.001636104,2.77E-10,2.31E-10
4.476603416,3.939542011,4.079209257,3.56E-05,2.85E-05,2.13E-05,58006,50008.5,0.012991775,0.012839482,9.17E-05,2.53E-10,1.52E-10
12.84943717,10.2985906,11.00954788,6.05E-05,5.78E-05,5.78E-05,172473,168581,0.130823563,0.10347496,0.008526267,1.66E-10,1.59E-10
10.53191402,8.788750556,9.346906424,5.18E-05,4.15E-05,4.15E-05,83711,94104,0.064711893,0.026484917,0.005185206,2.69E-10,2.15E-10
12.74645728,10.11932536,10.95663303,6.17E-05,4.11E-05,3.43E-05,69401,69447.5,0.130821172,0.137554489,0.009714237,4.22E-10,2.35E-10
11.13044562,9.037696545,10.27769185,5.99E-05,6.45E-05,6.45E-05,115243,119926,0.160975253,0.151017115,0.006516469,2.76E-10,2.97E-10
13.96884832,10.65682252,11.85847292,3.58E-05,3.86E-05,3.86E-05,124526,87456,0.156887963,0.174810056,0.012539508,9.87E-11,1.06E-10
9.368329957,7.827051872,8.249375194,5.50E-05,4.05E-05,4.05E-05,174177,173608.5,0.059114899,0.044115252,0.00248396,1.59E-10,1.17E-10
10.63958695,7.342552228,8.220348611,4.66E-05,4.07E-05,3.78E-05,116553,111427,0.092637371,0.074153312,0.004542923,1.35E-10,1.10E-10
9.649628362,7.798906753,8.422416878,3.93E-05,4.37E-05,4.37E-05,92714,82126,0.142464144,0.135295321,0.013166695,1.72E-10,1.91E-10
12.71608222,9.711281534,11.07118005,6.70E-05,7.04E-05,7.04E-05,136846,132252,0.144572012,0.130561867,0.009380977,2.25E-10,2.36E-10
12.78668288,10.45740674,11.27740797,4.44E-05,5.08E-05,5.08E-05,130845,108102,0.113888851,0.090580596,0.00943324,1.41E-10,1.61E-10
11.54361845,8.912850263,9.581952601,6.11E-05,6.11E-05,5.43E-05,80820,83620,0.163082267,0.109556871,0.021676641,4.15E-10,3.69E-10
10.71689974,8.301279629,9.227029706,6.40E-05,4.98E-05,4.27E-05,64104,59506.5,0.098860469,0.083719403,0.00483249,4.56E-10,3.04E-10
9.748073541,8.084771107,8.363044061,3.03E-05,2.75E-05,2.75E-05,192018,214062.5,0.015558391,0.008754192,0.000209374,8.32E-11,7.57E-11
15.09647864,11.45693499,12.35112276,2.59E-05,3.11E-05,3.11E-05,92789,99771.5,0.158489052,0.118763459,0.03441843,1.34E-10,1.61E-10
17.89500575,12.16033806,13.40078121,2.74E-05,4.80E-05,4.11E-05,51299,44076,0.217064067,0.130508135,0.057313746,1.88E-10,2.82E-10
16.44738266,10.82423619,13.30841314,6.91E-05,5.99E-05,5.53E-05,110428,111671,0.461813077,0.474461503,0.065851722,3.19E-10,2.55E-10
9.6461356,8.147533657,8.70034758,2.76E-05,3.03E-05,3.03E-05,122701,85169,0.096236831,0.069664038,0.007381366,7.59E-11,8.35E-11
10.77088464,9.122741608,9.741819669,1.45E-05,1.16E-05,1.16E-05,120480,72267,0.022852623,0.021961163,0.000278146,4.19E-11,3.35E-11
11.54391332,9.921502627,10.69298385,2.62E-05,2.33E-05,2.33E-05,147195,106901.5,0.031223529,0.016485403,0.001222779,7.62E-11,6.77E-11
10.68188641,9.343253826,9.733088,2.62E-05,2.62E-05,3.06E-05,121426,144925,0.05024745,0.034889929,0.003037685,1.15E-10,1.34E-10
15.41967763,10.70341928,12.00038718,5.70E-05,6.70E-05,6.37E-05,128445,112828,0.310923297,0.198273611,0.089549446,1.91E-10,2.14E-10
11.38715907,8.385098927,9.076477527,1.90E-05,2.22E-05,2.22E-05,102582,82123,0.164799638,0.099371482,0.041969643,6.04E-11,7.04E-11
12.31246027,8.825957591,10.3512615,6.11E-05,6.11E-05,5.43E-05,80709,83038.5,0.339233201,0.405599018,0.041215684,4.15E-10,3.69E-10
10.94670967,8.659433083,9.095284199,2.13E-05,3.56E-05,3.56E-05,30583,30583,0.300939346,0.257663808,0.051015553,1.52E-10,2.53E-10
10.76753583,7.527905375,8.301096913,8.25E-06,8.25E-06,1.10E-05,112583,112583,0.230914848,0.072552431,0.079966566,2.27E-11,3.03E-11
11.5639111,9.272349165,9.95524588,5.18E-06,5.18E-06,5.18E-06,0,0,0.323389348,0.323389348,0,2.69E-11,2.69E-11
14.70834898,9.481225649,10.46689548,6.85E-06,2.06E-05,1.37E-05,0,0,1.1190399,1.1190399,0,4.69E-11,9.39E-11
14.86881454,11.22414671,12.40419747,6.45E-05,6.45E-05,5.99E-05,109087,111049,0.344979251,0.342845262,0.060723454,2.97E-10,2.76E-10
10.28097428,7.830517946,8.518175771,8.27E-06,8.27E-06,8.27E-06,41967,41967.5,0.280208681,0.344915717,0.046783321,2.28E-11,2.28E-11
13.90597989,10.23368741,11.1456099,1.16E-05,1.16E-05,1.16E-05,114873,93825,0.167515597,0.08626109,0.040695142,3.35E-11,3.35E-11
12.75846469,9.580403353,10.58067239,8.73E-06,8.73E-06,5.82E-06,41861,41861,0.103572502,0.13557665,0.006170083,2.54E-11,1.69E-11
11.1046149,9.355612993,10.03968062,1.75E-05,4.37E-06,4.37E-06,142331,120874,0.011446467,0.004809774,0.000202175,7.64E-11,1.91E-11
11.44217721,8.782940701,9.702785395,2.01E-05,2.01E-05,2.35E-05,83304,93954,0.306623432,0.33346769,0.050230229,6.74E-11,7.87E-11
9.670349183,7.589200302,8.281748937,9.52E-06,9.52E-06,9.52E-06,25467,25467,0.145624,0.190596837,0.009812677,3.02E-11,3.02E-11
17.83896925,12.11821815,13.51121973,6.79E-05,6.11E-05,5.43E-05,76962,79359,0.488629563,0.519035049,0.104054804,4.61E-10,3.69E-10
17.68177519,11.76541318,13.57949985,7.12E-05,7.12E-05,7.12E-05,56354,50801,0.21305798,0.221189951,0.02798925,5.06E-10,5.06E-10
8.857871325,8.202812637,8.398487922,1.38E-05,2.75E-05,2.75E-05,95907,97323.5,0.043032458,0.028929238,0.001761798,3.78E-11,7.57E-11
7.611581325,7.170748921,7.31200786,4.15E-05,1.04E-05,1.04E-05,106385,95636,0.001321499,0.000886064,1.05E-06,2.15E-10,5.37E-11
7.896614995,7.430609108,7.60877269,4.11E-05,6.85E-06,6.85E-06,63496,58314,0.003044661,0.001609968,1.60E-05,2.82E-10,4.69E-11
15.50031075,10.23291257,12.81846098,7.84E-05,6.91E-05,6.91E-05,106940,111545.5,0.189374403,0.144481883,0.020676268,3.61E-10,3.19E-10
9.220773965,7.83168521,8.247518628,1.93E-05,1.10E-05,1.10E-05,151981,143598.5,0.068171448,0.100201678,0.003954369,5.32E-11,3.04E-11
10.37276432,9.228913015,9.537241476,2.60E-05,2.89E-05,2.89E-05,120936,124653.5,0.052331559,0.03829112,0.001726649,7.54E-11,8.37E-11
10.19935161,8.487904507,8.955992775,1.45E-05,1.75E-05,1.75E-05,48445,48680.5,0.116763113,0.140960388,0.00376374,4.23E-11,5.08E-11
9.119764392,8.566539627,8.804001406,4.37E-05,2.18E-05,2.62E-05,112686,117058,0.005513048,0.004351952,1.80E-05,1.91E-10,1.15E-10
8.410121362,7.235457659,7.581255496,3.02E-05,3.35E-05,3.35E-05,82881,87273.5,0.051976852,0.03349494,0.001892764,1.01E-10,1.12E-10
8.693614019,7.946918828,8.291662326,2.54E-05,1.90E-05,1.90E-05,138080,134172,0.006790481,0.004984113,2.76E-05,8.05E-11,6.04E-11
13.99629423,10.92341177,11.66763951,6.79E-05,4.75E-05,4.07E-05,75954,75492,0.185883996,0.160584154,0.02282769,4.61E-10,2.77E-10
10.72541142,9.790737575,10.0641598,1.42E-05,2.13E-05,1.42E-05,20750,20750,0.083303058,0.083303058,0.009044466,1.01E-10,1.01E-10
9.472997967,7.328412114,8.097959185,1.10E-05,1.10E-05,1.10E-05,225337,326204,0.025812373,0.020766953,0.000610401,3.03E-11,3.03E-11
7.846538449,6.532026794,6.9064418,1.56E-05,2.59E-05,2.59E-05,67344,67344.5,0.075714565,0.083635086,0.003773459,8.06E-11,1.34E-10
7.409972944,6.686650226,6.856358371,1.37E-05,2.06E-05,2.74E-05,22836,22836,0.111525124,0.111525124,0.009013699,9.39E-11,1.88E-10
10.22706402,7.990160961,9.539514779,7.37E-05,6.91E-05,6.45E-05,108610,114240,0.117666287,0.120226612,0.006075829,3.40E-10,2.97E-10
9.504059243,7.133526894,7.912120129,5.51E-06,1.38E-05,1.38E-05,19631,19631,0.217187456,0.217187456,0.029983498,1.52E-11,3.80E-11
7.552408254,6.039931555,6.413632333,2.89E-06,8.68E-06,5.79E-06,0,0,0.166532557,0.166532557,0,8.37E-12,1.67E-11
6.832665177,5.752953261,6.117140621,2.91E-06,2.91E-06,2.91E-06,0,0,0.073580687,0.073580687,0,8.47E-12,8.47E-12
6.773069796,5.902385015,6.17875315,2.62E-05,8.74E-06,8.74E-06,105195,103515,0.004732443,0.002365984,3.33E-05,1.15E-10,3.82E-11
7.65544943,6.901923047,7.088745625,5.03E-05,4.69E-05,4.69E-05,147678,137204,0.051780726,0.045578258,0.001637176,1.69E-10,1.57E-10
10.16953442,7.897151133,8.774825616,1.90E-05,6.34E-06,6.34E-06,84291,60468,0.016317264,0.006420202,0.000441571,6.04E-11,2.01E-11
11.17998005,7.974630964,9.280296658,5.43E-05,5.43E-05,5.43E-05,57266,59767,0.216924845,0.243159279,0.013005267,3.69E-10,3.69E-10
7.992051965,6.986322881,7.205877741,2.85E-05,2.85E-05,2.85E-05,73585,58588,0.09755935,0.059588397,0.011636613,2.03E-10,2.03E-10
22.61399397,17.94541206,19.27190702,2.20E-05,2.75E-05,2.75E-05,221080,202386,0.323666724,0.376913859,0.043627501,6.05E-11,7.57E-11
20.21561842,18.41326842,19.08159837,4.15E-05,3.63E-05,3.63E-05,119401,127482,0.190797945,0.16550021,0.02565764,2.15E-10,1.88E-10
20.56409667,18.45751279,18.97707867,2.74E-05,4.11E-05,4.11E-05,53426,38916,0.189859205,0.149248419,0.031233698,1.88E-10,2.82E-10
21.05267176,16.30679386,18.41476055,5.07E-05,5.53E-05,5.53E-05,99666,101932.5,0.40858772,0.389712867,0.060970356,2.34E-10,2.55E-10
22.09270608,18.61018702,19.52591569,2.48E-05,3.86E-05,3.86E-05,145518,143939,0.336373861,0.154289072,0.113232856,6.83E-11,1.06E-10
17.77396172,16.4289779,17.00481976,3.18E-05,3.18E-05,3.18E-05,167831,155982.5,0.075729887,0.050236898,0.004747543,9.21E-11,9.21E-11
23.97508242,17.6074619,18.47296487,3.49E-05,3.49E-05,3.20E-05,195909,220464,0.248652146,0.137192351,0.04966722,1.02E-10,9.31E-11
20.11438205,18.01674719,18.66550287,3.06E-05,2.62E-05,2.62E-05,121470,141999.5,0.118629065,0.053655572,0.013907825,1.34E-10,1.15E-10
24.55277937,19.73804262,21.10813405,5.36E-05,5.03E-05,5.03E-05,145738,148453,0.390305783,0.351936536,0.082972067,1.80E-10,1.69E-10
21.3546851,16.72351809,17.94901971,1.90E-05,3.49E-05,3.49E-05,179351,178837,0.187082172,0.08639901,0.040262133,6.04E-11,1.11E-10
22.60165654,16.9682401,18.93359843,4.07E-05,6.11E-05,6.11E-05,52813,51722,0.603457029,0.486909124,0.171804266,2.77E-10,4.15E-10
16.94698476,15.81135021,16.11461564,3.56E-05,2.13E-05,1.42E-05,86066,85647.5,0.045290959,0.026082489,0.001982429,2.53E-10,1.01E-10
11.31198849,10.17254016,10.53805347,3.85E-05,4.13E-05,4.13E-05,200697,210447,0.058579086,0.041271426,0.001989135,1.06E-10,1.13E-10
11.14456409,10.37858115,10.68163495,4.67E-05,3.11E-05,3.63E-05,92548,87192.5,0.021127253,0.018176118,0.000254111,2.42E-10,1.88E-10
12.27981355,11.01049617,11.54808806,4.80E-05,5.48E-05,5.48E-05,62186,44716.5,0.05209788,0.063589295,0.001885834,3.29E-10,3.75E-10
15.41761054,13.26969279,14.0648855,5.99E-05,6.91E-05,6.91E-05,95704,88573.5,0.14858227,0.13279403,0.009086588,2.76E-10,3.19E-10
9.742991217,8.893361997,9.251482129,2.76E-05,3.31E-05,3.03E-05,128455,133824,0.02932139,0.026001882,0.000545987,7.59E-11,8.35E-11
10.053296,8.96868766,9.303760236,4.92E-05,4.92E-05,4.92E-05,150953,157470,0.021363999,0.019544736,0.000273564,1.42E-10,1.42E-10
9.157029321,8.390569482,8.722909288,2.62E-05,2.62E-05,2.33E-05,144877,124187.5,0.017083019,0.009276306,0.000221717,7.62E-11,6.77E-11
9.043489308,8.234843875,8.529708968,2.62E-05,1.31E-05,1.75E-05,113752,137939,0.010563309,0.002621684,0.000167593,1.15E-10,7.64E-11
15.15197735,11.99747511,12.97588989,5.70E-05,6.03E-05,6.37E-05,136821,139455.5,0.155751758,0.141370623,0.012505711,1.91E-10,2.14E-10
10.63613108,9.48117758,9.880063486,2.54E-05,2.85E-05,2.54E-05,134353,101518,0.047191288,0.043276744,0.001295693,8.05E-11,8.05E-11
14.33910222,12.38769964,13.18795543,6.11E-05,5.43E-05,5.43E-05,69573,74745.5,0.086531547,0.081086627,0.003457365,4.15E-10,3.69E-10
13.26694806,11.71607341,12.37677297,7.83E-05,6.40E-05,5.69E-05,68407,63826.5,0.092308235,0.095497423,0.002281321,5.57E-10,4.05E-10
16.87964172,12.79799312,13.74596169,1.93E-05,3.85E-05,4.13E-05,140865,147174,0.299331513,0.220628962,0.051971706,5.30E-11,1.13E-10
14.15225646,12.5076635,13.03504626,4.15E-05,3.11E-05,3.11E-05,71131,54694,0.03789581,0.014645767,0.002075441,2.15E-10,1.61E-10
14.72009597,12.72543308,13.16964822,2.74E-05,4.80E-05,4.11E-05,72077,66772,0.123163525,0.065490929,0.015631507,1.88E-10,2.82E-10
19.32595835,14.73253,17.37512018,7.84E-05,6.45E-05,5.99E-05,96669,89301,0.214111874,0.224992975,0.010188223,3.61E-10,2.76E-10
14.26540884,12.87830002,13.38649174,4.13E-05,3.31E-05,3.31E-05,171755,177802,0.056703755,0.034465204,0.001623687,1.14E-10,9.11E-11
14.72837482,11.7724149,12.89434664,2.89E-05,2.89E-05,2.89E-05,135321,92509,0.139924143,0.078427428,0.015984765,8.37E-11,8.37E-11
16.19242924,10.8517289,12.92199268,2.33E-05,1.75E-05,1.45E-05,256161,253447,0.196001399,0.171191414,0.042520963,6.77E-11,4.23E-11
16.84110465,10.70944814,12.80761848,2.18E-05,2.18E-05,1.75E-05,89317,80402,0.234620804,0.081649091,0.06905701,9.54E-11,7.64E-11
15.45281476,12.8404359,14.09383134,5.03E-05,5.36E-05,5.36E-05,137061,138348.5,0.180080736,0.160876099,0.013754654,1.69E-10,1.80E-10
14.13531998,13.09890647,13.39175346,4.12E-05,3.81E-05,3.81E-05,154919,153692,0.065744298,0.031229773,0.004562334,1.31E-10,1.21E-10
19.01031226,13.32771848,16.78574683,7.47E-05,5.43E-05,5.43E-05,66555,65638,0.338906148,0.255100289,0.039489353,5.07E-10,3.69E-10
15.27175523,12.91588282,13.30344263,2.13E-05,2.13E-05,2.13E-05,46398,46398.5,0.242197916,0.083435382,0.085091078,1.52E-10,1.52E-10
9.086665715,7.912232134,8.216022527,3.58E-05,1.65E-05,1.65E-05,173457,184672.5,0.003069107,0.002738733,4.33E-06,9.84E-11,4.54E-11
8.621704584,8.222698602,8.399019132,3.63E-05,5.18E-06,5.18E-06,119412,131359.5,0.001536611,0.000661811,6.06E-06,1.88E-10,2.69E-11
8.70074876,8.308676582,8.461631676,5.48E-05,1.37E-05,1.37E-05,67317,75234,0.001350803,0.000880866,1.28E-06,3.75E-10,9.39E-11
12.89266337,9.624227494,11.13361569,4.15E-05,3.69E-05,3.69E-05,84834,84354,0.08565717,0.076240953,0.004162877,1.91E-10,1.70E-10
9.087545391,7.838100846,8.164700634,4.96E-05,5.51E-06,5.51E-06,173856,173146,0.001136064,0.000884184,6.17E-07,1.37E-10,1.52E-11
11.32833641,9.233741646,9.766662163,8.68E-06,8.68E-06,8.68E-06,23607,23607,0.076673385,0.038834769,0.00580902,2.51E-11,2.51E-11
12.13629454,9.950122171,10.74628095,5.24E-05,4.66E-05,4.66E-05,142472,133333,0.115823193,0.084033619,0.008534333,1.52E-10,1.35E-10
11.08366253,9.717394055,10.12781275,3.50E-05,1.75E-05,1.75E-05,109327,96609,0.016397514,0.011046822,0.000235271,1.53E-10,7.64E-11
9.2738911,8.582669524,8.779232653,4.02E-05,2.68E-05,2.68E-05,122896,121151,0.010453039,0.007607696,8.68E-05,1.35E-10,8.99E-11
8.847318398,7.962678575,8.207266228,6.03E-05,9.52E-06,9.52E-06,149238,149437,0.001438064,0.001178686,9.02E-07,1.91E-10,3.02E-11
9.319095134,8.683624194,8.820597259,3.40E-05,2.04E-05,2.04E-05,107485,108067.5,0.018710426,0.00674116,0.000517054,2.31E-10,1.38E-10
10.89841498,9.082527146,9.647223127,7.12E-06,1.42E-05,2.13E-05,0,0,0.10772646,0.10772646,0,5.06E-11,1.52E-10
15.33041311,12.46069103,13.33306308,3.30E-05,3.03E-05,3.03E-05,181583,194110,0.167063111,0.139219201,0.020051353,9.08E-11,8.32E-11
13.74043415,11.62833656,12.24882589,6.74E-05,4.15E-05,3.63E-05,91676,92430.5,0.076361407,0.062407297,0.003157394,3.49E-10,1.88E-10
13.19396724,11.48272486,11.93778526,5.48E-05,5.48E-05,4.80E-05,64073,60409,0.095278466,0.081317333,0.008281887,3.75E-10,3.29E-10
16.91398445,13.04189862,14.52465002,6.45E-05,6.45E-05,5.99E-05,119899,128351,0.1923404,0.179410837,0.009575084,2.97E-10,2.76E-10
16.78190173,12.15465137,13.34283188,3.03E-05,4.13E-05,3.86E-05,128588,93209.5,0.235724447,0.179655125,0.025278905,8.35E-11,1.06E-10
13.66987202,10.13634549,11.20751263,2.03E-05,2.32E-05,2.32E-05,108659,77911,0.160260749,0.113944373,0.013582392,5.86E-11,6.70E-11
11.8426602,9.525057921,10.39960871,2.91E-05,2.33E-05,2.04E-05,113435,85069,0.073890905,0.064775152,0.002249914,8.47E-11,5.93E-11
13.62468383,10.13981512,11.06939604,2.62E-05,2.62E-05,2.18E-05,71704,50649,0.14809948,0.054923983,0.02955602,1.15E-10,9.54E-11
14.3244828,11.33646407,12.10597923,5.36E-05,5.03E-05,4.69E-05,153242,143785,0.091342003,0.073335244,0.005214217,1.80E-10,1.57E-10
15.17667774,12.08255617,12.8929145,3.81E-05,4.76E-05,4.76E-05,122819,102765,0.137407149,0.110688622,0.008184534,1.21E-10,1.51E-10
15.9660892,13.87990018,14.66531764,6.11E-05,4.75E-05,4.75E-05,73609,74569.5,0.237856304,0.248599366,0.030326501,4.15E-10,3.23E-10
17.11574859,13.17107239,14.88854787,5.69E-05,4.98E-05,4.27E-05,67891,54703,0.231796723,0.208785094,0.029415346,4.05E-10,3.04E-10
6.632341416,3.932985015,5.061034778,1.93E-05,2.20E-05,2.20E-05,109275,111458.5,0.159544677,0.076839057,0.026146012,5.30E-11,6.05E-11
3.481062698,3.072017872,3.233200126,2.59E-05,2.59E-05,2.59E-05,109590,105508,0.024905881,0.01233262,0.001022149,1.34E-10,1.34E-10
5.457216579,4.10545746,4.677991234,1.37E-05,3.43E-05,2.74E-05,44822,44822,0.162049941,0.162049941,0.032915041,9.39E-11,1.88E-10
16.99995976,8.125258825,14.39197432,5.99E-05,5.07E-05,4.61E-05,110414,116008.5,0.289792803,0.322666438,0.028878105,2.76E-10,2.12E-10
9.923212038,4.388741802,6.756982826,1.38E-05,1.65E-05,1.65E-05,43142,41915,0.214105255,0.242628102,0.015380485,3.80E-11,4.56E-11
2.230219076,2.138519741,2.1880392,4.92E-05,2.89E-05,2.60E-05,164862,168215,0.000532802,0.00039297,3.94E-07,1.42E-10,7.54E-11
2.529817469,2.321656778,2.414133201,7.56E-05,0,0,161228,156051,0.00028972,0.0003012,3.17E-08,2.20E-10,0
2.620757179,2.515571754,2.570715268,6.12E-05,1.31E-05,1.75E-05,112933,116991,0.001108699,0.000735302,1.32E-06,2.67E-10,7.64E-11
16.86044899,4.093605482,11.24477488,5.70E-05,6.03E-05,6.03E-05,115211,125718,0.302738142,0.278809807,0.039219841,1.91E-10,2.02E-10
9.318332192,6.412706086,7.410467072,1.90E-05,1.59E-05,1.27E-05,101630,73688,0.044278741,0.02211315,0.002579399,6.04E-11,4.02E-11
18.06780735,6.423404654,13.08416482,4.75E-05,6.11E-05,5.43E-05,74199,73908,0.559787011,0.599713905,0.061847873,3.23E-10,3.69E-10
17.70890915,12.7569021,14.48900232,7.12E-05,7.12E-05,6.40E-05,63322,64215,0.294953265,0.296292617,0.011795827,5.06E-10,4.56E-10
5.988982497,5.728320667,5.858209891,3.85E-05,3.30E-05,3.03E-05,186753,195083,0.010543308,0.006245303,5.36E-05,1.06E-10,8.32E-11
7.457818483,6.512423535,6.931957096,3.63E-05,2.07E-05,2.07E-05,82074,61490.5,0.017563958,0.010910281,0.000332319,1.88E-10,1.07E-10
8.018054556,7.167292931,7.381978013,2.06E-05,4.80E-05,4.80E-05,57347,57347.5,0.061033748,0.025705296,0.004432457,1.41E-10,3.29E-10
8.227331469,7.332049526,7.646410091,6.45E-05,5.53E-05,5.07E-05,111417,110529,0.083592036,0.079529028,0.004114364,2.97E-10,2.34E-10
7.487796222,6.470998463,6.804826793,1.93E-05,2.76E-05,2.76E-05,105047,96974,0.046296434,0.031776304,0.00165552,5.32E-11,7.59E-11
7.363595361,6.561304953,6.889442087,1.74E-05,1.45E-05,1.45E-05,153572,120228,0.011531105,0.009419957,0.000135644,5.02E-11,4.19E-11
9.002745003,6.989363092,7.699880725,4.36E-05,3.78E-05,3.78E-05,206943,219115,0.108040053,0.093121058,0.005175566,1.27E-10,1.10E-10
8.069858515,6.847693643,7.489720949,5.24E-05,5.68E-05,5.24E-05,93983,96373,0.09421746,0.08053521,0.004798444,2.29E-10,2.29E-10
8.35295018,7.155117552,7.566580618,2.68E-05,3.69E-05,3.35E-05,92222,101330,0.091484217,0.065789869,0.004652235,8.99E-11,1.12E-10
6.911911385,6.312431952,6.454389487,9.52E-06,1.90E-05,1.59E-05,28315,28315,0.026138392,0.032277762,0.000340684,3.02E-11,5.03E-11
8.321266599,7.121683219,7.610832248,3.40E-05,4.07E-05,4.07E-05,70454,73462.5,0.085123756,0.068764929,0.005408851,2.31E-10,2.77E-10
9.736683304,7.670587158,8.316735164,5.69E-05,5.69E-05,5.69E-05,67076,63491,0.209433527,0.175460983,0.023752817,4.05E-10,4.05E-10
14.83368635,9.992173912,11.65567009,3.03E-05,3.03E-05,3.03E-05,115023,103411.5,0.159211595,0.134971978,0.01066051,8.32E-11,8.32E-11
10.21834598,8.621164983,9.381556371,2.59E-05,2.07E-05,2.07E-05,73724,61302.5,0.035080382,0.012818339,0.00149785,1.34E-10,1.07E-10
12.71650847,10.12719358,11.14743279,4.11E-05,2.74E-05,2.06E-05,74902,85123,0.185412804,0.192652285,0.026746115,2.82E-10,1.41E-10
19.46057518,10.10153032,14.76194233,5.53E-05,4.61E-05,4.61E-05,102317,102735,0.657802036,0.660172269,0.127454413,2.55E-10,2.12E-10
16.33045563,8.845173881,10.73212074,2.48E-05,1.93E-05,1.93E-05,141101,148232,0.232052048,0.195834204,0.046231055,6.83E-11,5.32E-11
10.58033979,6.238652244,7.751945671,5.79E-06,2.89E-06,2.89E-06,14261,14261,0.106658571,0.106658571,0.009100584,1.67E-11,8.37E-12
11.06102533,6.270276571,7.893588259,3.78E-05,2.91E-06,5.82E-06,124334,110337.5,0.009546745,0.005953708,0.000108931,1.10E-10,1.69E-11
13.57276064,8.246570547,10.08628665,4.37E-06,8.74E-06,8.74E-06,0,0,0.572202522,0.572202522,0,1.91E-11,3.82E-11
18.52881285,10.75867757,12.95998505,5.36E-05,5.03E-05,4.69E-05,131276,133864,0.401485391,0.350916703,0.097629144,1.80E-10,1.57E-10
15.68084991,9.156821047,10.77786233,1.90E-05,2.22E-05,1.90E-05,166095,132850,0.198055458,0.126536019,0.03979739,6.04E-11,6.04E-11
17.22814556,9.276134009,11.82590993,4.07E-05,4.07E-05,4.07E-05,70064,69763,0.781286928,0.810292911,0.294657091,2.77E-10,2.77E-10
11.53901086,9.285077389,10.1518206,4.27E-05,2.85E-05,2.85E-05,73326,80402,0.051577568,0.058864114,0.001165387,3.04E-10,2.03E-10
10.9834808,7.071338216,7.863638758,2.48E-05,4.40E-05,4.40E-05,163823,161495,0.231330564,0.166288739,0.025887134,6.81E-11,1.21E-10
8.395364909,7.776337688,8.002406022,4.67E-05,4.15E-05,4.67E-05,88611,90323.5,0.046558049,0.036203234,0.002043432,2.42E-10,2.42E-10
10.13411683,7.764591492,8.994771182,6.85E-05,6.85E-05,6.17E-05,70576,73834,0.13991222,0.132045202,0.011287444,4.69E-10,4.22E-10
16.72973399,12.789142,14.64834599,5.99E-05,5.99E-05,5.99E-05,109652,116921,0.362195852,0.293525208,0.037341045,2.76E-10,2.76E-10
11.2760196,7.570972752,8.326765902,3.86E-05,4.41E-05,4.41E-05,178651,182141,0.070442486,0.041889542,0.004223516,1.06E-10,1.21E-10
11.97397465,9.746688227,10.61156806,4.05E-05,4.05E-05,4.34E-05,158177,155738,0.171599566,0.101843074,0.025863298,1.17E-10,1.26E-10
14.62779395,10.68406729,11.72677932,3.78E-05,4.95E-05,4.95E-05,93793,83306.5,0.152168613,0.091240365,0.033238129,1.10E-10,1.44E-10
10.05994564,8.862555215,9.294369149,3.93E-05,3.93E-05,3.93E-05,144780,147440.5,0.075214722,0.051605738,0.004331709,1.72E-10,1.72E-10
10.29992503,7.477679356,8.811463258,5.36E-05,5.70E-05,5.70E-05,109032,108555,0.161928464,0.141260943,0.01400552,1.80E-10,1.91E-10
8.284986002,6.972205028,7.518692099,2.85E-05,2.54E-05,2.22E-05,130239,119667,0.048963827,0.046529173,0.001223452,9.06E-11,7.04E-11
19.99355829,15.91807693,17.78068361,6.79E-05,6.79E-05,6.11E-05,72789,76403,0.448157716,0.42622965,0.044930377,4.61E-10,4.15E-10
17.60900431,14.3659696,15.82966286,7.12E-05,5.69E-05,4.98E-05,64256,65286,0.261296406,0.274426818,0.03234083,5.06E-10,3.54E-10
11.63965815,10.71099933,11.12906311,5.50E-05,8.25E-06,8.25E-06,165169,158381,0.001961158,0.001437581,2.08E-06,1.51E-10,2.27E-11
15.83592133,12.9389315,13.39523706,3.63E-05,3.63E-05,3.63E-05,87986,88916,0.048498237,0.039866892,0.00178544,1.88E-10,1.88E-10
11.89117769,11.40299557,11.58484127,3.43E-05,2.06E-05,2.06E-05,64148,64685,0.015786136,0.005872869,0.000388007,2.35E-10,1.41E-10
18.29040603,11.95015956,15.77657975,6.45E-05,4.15E-05,4.15E-05,93069,91128,0.073471291,0.058942696,0.002105189,2.97E-10,1.91E-10
12.57882519,10.93541992,11.34528283,3.86E-05,2.48E-05,2.48E-05,156800,163751,0.01062327,0.008536591,5.29E-05,1.06E-10,6.83E-11
14.32944896,12.87146571,13.19476391,2.60E-05,3.47E-05,3.47E-05,140614,148498,0.053096166,0.038320965,0.002258726,7.54E-11,1.00E-10
15.95791553,12.93298539,14.14611422,4.36E-05,3.20E-05,3.20E-05,156490,154291,0.040953725,0.024575254,0.001950638,1.27E-10,9.31E-11
15.88192932,13.86788875,14.41029066,3.93E-05,3.06E-05,2.62E-05,81418,77354.5,0.065486572,0.039248814,0.004068469,1.72E-10,1.15E-10
22.0067532,12.77398995,18.15766021,5.03E-05,3.35E-05,3.35E-05,120938,113991.5,0.211752116,0.172672675,0.014697908,1.69E-10,1.12E-10
12.38156673,10.802553,11.42153905,4.44E-05,3.17E-05,3.49E-05,167834,177204,0.022513784,0.019324582,0.000240863,1.41E-10,1.11E-10
12.69183454,11.4674208,11.81590514,4.07E-05,3.40E-05,4.07E-05,94315,92973,0.034241366,0.027009458,0.000769546,2.77E-10,2.77E-10
11.99231015,11.30987642,11.54638308,4.27E-05,0,0,67909,72862,0.001432498,0.001036239,9.84E-07,3.04E-10,0
